n_tasks,n_edges,density,critical_path_len,pct_critical_tasks,T_baseline,mean_m,mean_range_po,instability_m,spi_early,cpi_early,buffer_factor,label_delay,p_late_diag
30,28,0.064,2,0.067,20.0,5.467,3.867,3.014,0.765,1.093,1.01,1,0.535
30,54,0.124,3,0.1,22.0,5.667,4.067,2.324,0.692,1.069,1.01,1,0.615
30,194,0.446,3,0.1,27.0,5.533,3.933,2.315,4.0,1.186,1.01,1,0.61
30,43,0.099,6,0.2,26.0,5.167,3.667,2.705,0.654,0.961,1.01,1,0.625
30,50,0.115,6,0.2,31.0,5.667,4.067,2.881,0.68,0.973,1.01,0,0.485
30,76,0.175,6,0.2,46.0,5.733,4.133,3.028,1.0,0.994,1.01,1,0.55
30,54,0.124,6,0.2,40.0,5.7,4.033,2.769,1.038,0.991,1.01,0,0.44
30,58,0.133,6,0.2,25.0,5.967,4.167,2.895,0.5,0.93,1.01,0,0.48
30,63,0.145,6,0.2,39.0,5.9,4.2,2.975,1.692,1.026,1.01,1,0.795
30,66,0.152,5,0.167,34.0,5.833,4.167,2.666,1.0,0.979,1.01,0,0.485
30,55,0.126,6,0.2,36.0,5.333,3.9,2.869,0.487,1.076,1.01,1,0.555
30,84,0.193,6,0.2,45.0,5.867,4.3,2.945,0.706,0.981,1.01,1,0.56
30,49,0.113,2,0.067,20.0,5.733,4.133,2.791,0.5,0.952,1.01,1,0.79
30,68,0.156,5,0.167,33.0,4.967,3.533,2.735,1.0,1.029,1.01,1,0.585
30,50,0.115,6,0.2,36.0,4.933,3.667,3.039,1.0,1.017,1.01,0,0.425
30,45,0.103,6,0.2,44.0,5.467,3.833,2.596,1.0,0.992,1.01,1,0.54
30,23,0.053,6,0.2,45.0,6.3,4.467,2.562,1.013,1.088,1.01,1,0.515
30,64,0.147,4,0.133,36.0,5.167,3.733,3.27,0.739,1.096,1.01,1,0.535
30,60,0.138,6,0.2,44.0,5.467,3.8,2.543,1.259,0.965,1.01,1,0.545
30,55,0.126,5,0.167,36.0,6.367,4.533,3.023,0.622,1.0,1.01,1,0.565
30,34,0.078,6,0.2,26.0,5.7,3.967,3.019,0.737,1.039,1.01,1,0.67
30,73,0.168,6,0.2,36.0,5.067,3.667,3.129,0.808,1.107,1.01,1,0.61
30,53,0.122,6,0.2,36.0,5.767,4.133,2.921,1.0,0.957,1.01,1,0.52
30,32,0.074,3,0.1,20.0,5.967,4.333,2.965,0.467,0.915,1.01,1,0.915
30,25,0.057,6,0.2,25.0,4.5,3.3,3.192,0.68,1.026,1.01,0,0.48
30,33,0.076,6,0.2,37.0,5.233,3.7,2.635,1.021,1.062,1.01,1,0.6
30,87,0.2,6,0.2,45.0,6.5,4.467,2.874,1.0,0.957,1.01,1,0.555
30,20,0.046,6,0.2,32.0,4.867,3.5,2.98,1.2,1.075,1.01,1,0.65
30,77,0.177,4,0.133,30.0,5.0,3.6,2.767,1.0,1.109,1.01,1,0.54
30,73,0.168,6,0.2,46.0,6.667,4.7,2.82,1.87,1.051,1.01,1,0.545
30,34,0.078,6,0.2,44.0,5.7,4.033,3.087,1.059,0.964,1.01,1,0.605
30,70,0.161,6,0.2,48.0,6.767,4.867,3.048,1.0,0.95,1.01,0,0.465
30,68,0.156,6,0.2,40.0,5.0,3.667,3.017,0.929,1.145,1.01,0,0.435
30,46,0.106,6,0.2,32.0,5.933,4.267,2.741,0.952,0.957,1.01,0,0.47
30,170,0.391,3,0.1,28.0,5.3,3.8,3.292,1.0,1.0,1.01,1,0.94
30,28,0.064,6,0.2,28.0,5.833,4.233,3.119,1.241,1.016,1.01,1,0.52
30,47,0.108,6,0.2,35.0,5.033,3.5,2.723,0.767,0.961,1.01,0,0.465
30,34,0.078,6,0.2,26.0,4.667,3.333,2.383,0.839,1.106,1.01,1,0.665
30,22,0.051,5,0.167,33.0,6.367,4.433,2.58,1.0,0.979,1.01,1,0.565
30,66,0.152,6,0.2,40.0,5.367,3.8,2.748,1.148,1.042,1.01,1,0.55
30,81,0.186,5,0.167,40.0,5.833,4.233,3.354,1.0,1.054,1.01,1,0.535
30,56,0.129,6,0.2,40.0,4.933,3.533,2.935,0.529,0.997,1.01,1,0.51
30,80,0.184,6,0.2,45.0,5.633,3.967,2.965,1.417,1.059,1.01,0,0.45
30,65,0.149,4,0.133,28.0,4.933,3.5,3.051,1.438,1.065,1.01,1,0.59
30,31,0.071,6,0.2,40.0,5.867,4.3,3.481,0.757,1.083,1.01,0,0.475
30,19,0.044,2,0.067,19.0,5.767,4.033,2.7,3.0,1.071,1.01,0,0.485
30,15,0.034,6,0.2,28.0,6.0,4.267,2.804,1.059,0.987,1.01,1,0.53
30,7,0.016,6,0.2,25.0,5.3,3.833,2.756,0.872,0.968,1.01,1,0.575
30,28,0.064,6,0.2,31.0,5.333,3.833,2.952,0.812,1.026,1.01,1,0.575
30,66,0.152,4,0.133,38.0,5.567,3.867,3.014,0.773,0.931,1.01,0,0.42
30,59,0.136,5,0.167,34.0,6.033,4.167,2.71,1.636,1.046,1.01,1,0.575
30,68,0.156,5,0.167,42.0,4.8,3.6,3.347,1.562,1.123,1.01,1,0.565
30,83,0.191,4,0.133,35.0,5.3,3.933,3.019,1.562,1.12,1.01,1,0.655
30,68,0.156,5,0.167,36.0,5.633,3.867,3.09,0.767,1.085,1.01,1,0.945
30,81,0.186,6,0.2,34.0,5.833,4.1,3.455,1.0,0.999,1.01,1,0.845
30,49,0.113,6,0.2,26.0,5.167,3.667,2.614,1.0,0.981,1.01,0,0.43
30,42,0.097,2,0.067,17.0,4.567,3.2,2.967,1.0,0.968,1.01,1,0.665
30,75,0.172,5,0.167,37.0,4.733,3.367,2.876,1.0,1.048,1.01,1,0.59
30,41,0.094,4,0.133,32.0,5.4,3.733,2.724,0.8,0.978,1.01,1,0.545
30,86,0.198,4,0.133,31.0,5.4,3.867,2.872,1.0,0.946,1.01,1,0.635
30,46,0.106,5,0.167,40.0,5.767,4.067,2.897,1.105,1.029,1.01,1,0.62
30,63,0.145,6,0.2,39.0,5.333,3.833,2.94,1.053,1.104,1.01,1,0.74
30,31,0.071,6,0.2,43.0,6.5,4.467,2.813,0.879,1.019,1.01,1,0.53
30,84,0.193,6,0.2,46.0,5.233,3.667,3.014,0.955,1.006,1.01,1,0.58
30,56,0.129,6,0.2,40.0,6.133,4.3,2.991,0.851,1.025,1.01,1,0.52
30,65,0.149,4,0.133,37.0,5.367,3.833,3.034,0.778,0.996,1.01,0,0.38
30,41,0.094,5,0.167,42.0,5.333,3.7,2.783,1.0,1.039,1.01,1,0.57
30,20,0.046,3,0.1,24.0,5.133,3.633,2.956,1.556,1.045,1.01,0,0.455
30,82,0.189,6,0.2,38.0,5.167,3.7,2.755,1.0,1.067,1.01,1,0.695
30,72,0.166,6,0.2,47.0,5.7,4.0,2.842,1.0,0.959,1.01,0,0.415
30,66,0.152,6,0.2,32.0,6.133,4.367,2.675,1.0,1.06,1.01,1,0.82
30,47,0.108,6,0.2,24.0,5.333,3.767,2.796,4.0,1.219,1.01,1,0.605
30,55,0.126,6,0.2,34.0,5.733,4.067,3.423,1.0,1.086,1.01,0,0.445
30,85,0.195,6,0.2,29.0,4.2,3.1,2.618,1.0,0.957,1.01,1,0.635
30,53,0.122,5,0.167,31.0,4.533,3.333,3.003,1.038,1.08,1.01,1,0.54
30,85,0.195,6,0.2,47.0,5.033,3.667,2.883,1.0,0.896,1.01,1,0.69
30,79,0.182,6,0.2,46.0,5.7,4.133,3.142,1.0,0.988,1.01,0,0.495
30,78,0.179,6,0.2,34.0,5.333,3.867,3.273,1.0,0.977,1.01,1,0.59
30,60,0.138,3,0.1,20.0,4.9,3.6,3.01,1.0,1.041,1.01,1,0.775
30,58,0.133,5,0.167,43.0,5.7,4.067,3.175,1.333,1.144,1.01,0,0.48
30,74,0.17,6,0.2,36.0,6.367,4.5,2.977,1.0,0.978,1.01,1,0.565
30,18,0.041,6,0.2,37.0,6.067,4.267,2.982,1.2,1.056,1.01,0,0.48
30,25,0.057,5,0.167,30.0,4.267,3.133,2.677,0.886,0.993,1.01,0,0.485
30,87,0.2,5,0.167,41.0,5.7,3.9,2.781,1.0,1.043,1.01,1,0.64
30,78,0.179,4,0.133,29.0,5.567,3.867,2.445,1.389,1.099,1.01,1,0.82
30,31,0.071,5,0.167,40.0,6.167,4.367,2.949,1.375,1.048,1.01,0,0.465
30,80,0.184,5,0.167,41.0,5.8,4.1,2.759,1.0,0.997,1.01,1,0.705
30,48,0.11,6,0.2,36.0,4.933,3.4,2.69,0.689,0.952,1.01,1,0.595
30,58,0.133,5,0.167,30.0,5.367,3.833,3.419,0.688,0.984,1.01,1,0.5
30,41,0.094,3,0.1,24.0,5.267,3.7,2.864,1.0,0.934,1.01,0,0.49
30,57,0.131,5,0.167,38.0,5.433,3.8,2.837,0.588,0.983,1.01,1,0.7
30,66,0.152,4,0.133,29.0,4.367,3.067,2.341,1.0,0.966,1.01,0,0.48
30,73,0.168,6,0.2,52.0,6.1,4.267,2.833,0.795,0.971,1.01,0,0.44
30,87,0.2,4,0.133,33.0,5.433,3.8,2.967,2.167,1.077,1.01,1,0.625
30,78,0.179,6,0.2,45.0,5.3,3.733,2.667,1.0,1.064,1.01,1,0.52
30,91,0.209,6,0.2,47.0,6.067,4.333,3.028,1.769,1.068,1.01,1,0.5
30,54,0.124,5,0.167,31.0,4.933,3.533,2.778,0.706,0.923,1.01,1,0.545
30,80,0.184,5,0.167,45.0,5.033,3.6,3.079,0.591,1.029,1.01,1,0.535
30,79,0.182,6,0.2,40.0,5.033,3.6,2.71,0.758,0.986,1.01,0,0.46
30,85,0.195,5,0.167,31.0,4.5,3.2,2.543,1.0,0.972,1.01,1,0.655
30,32,0.074,2,0.067,17.0,5.467,3.833,2.801,1.0,1.082,1.01,1,0.865
30,38,0.087,6,0.2,44.0,6.167,4.267,2.547,1.311,1.009,1.01,1,0.54
30,95,0.218,6,0.2,42.0,5.367,3.767,2.76,1.0,0.982,1.01,1,0.7
30,82,0.189,4,0.133,36.0,5.467,3.867,3.115,1.0,0.947,1.01,1,0.675
30,85,0.195,6,0.2,41.0,5.233,3.833,2.873,2.583,1.144,1.01,1,0.555
30,81,0.186,6,0.2,39.0,5.767,4.0,2.315,0.812,0.99,1.01,1,0.685
30,73,0.168,5,0.167,32.0,5.067,3.633,2.828,0.714,1.047,1.01,1,0.56
30,70,0.161,5,0.167,42.0,5.667,3.967,2.82,2.8,1.106,1.01,1,0.505
30,89,0.205,6,0.2,44.0,6.0,4.267,2.877,1.229,0.995,1.01,1,0.55
30,50,0.115,5,0.167,36.0,5.033,3.467,2.498,0.76,1.074,1.01,1,0.6
30,37,0.085,6,0.2,37.0,5.967,4.233,2.895,0.9,1.04,1.01,1,0.54
30,57,0.131,3,0.1,27.0,5.867,4.233,3.277,1.0,1.084,1.01,1,0.855
30,39,0.09,3,0.1,22.0,5.067,3.6,2.586,0.619,1.026,1.01,1,0.7
30,92,0.211,5,0.167,36.0,5.633,4.0,2.977,1.3,1.075,1.01,1,0.61
30,37,0.085,9,0.3,55.0,6.267,4.4,3.172,0.89,0.997,1.01,1,0.5
30,21,0.048,9,0.3,43.0,5.667,4.033,2.771,1.204,1.076,1.01,0,0.415
30,64,0.147,7,0.233,42.0,5.3,3.8,3.218,1.444,1.074,1.01,0,0.42
30,75,0.172,8,0.267,54.0,5.7,4.067,2.842,1.0,0.986,1.01,1,0.585
30,74,0.17,8,0.267,67.0,6.433,4.5,2.775,1.0,0.998,1.01,1,0.74
30,70,0.161,9,0.3,62.0,5.667,4.0,3.055,1.0,0.984,1.01,1,0.565
30,72,0.166,8,0.267,47.0,5.1,3.667,3.01,1.0,0.93,1.01,0,0.465
30,78,0.179,8,0.267,49.0,5.6,4.067,3.158,0.053,1.0,1.01,1,0.615
30,28,0.064,9,0.3,48.0,5.567,3.9,2.515,0.969,1.026,1.01,1,0.545
30,55,0.126,3,0.1,21.0,5.433,3.933,2.921,0.833,1.011,1.01,1,0.76
30,71,0.163,8,0.267,62.0,5.9,4.2,3.133,1.0,1.007,1.01,1,0.72
30,66,0.152,7,0.233,37.0,4.7,3.3,2.867,1.0,0.996,1.01,1,0.775
30,49,0.113,9,0.3,48.0,5.1,3.6,2.784,1.05,1.016,1.01,1,0.575
30,38,0.087,9,0.3,35.0,4.5,3.233,2.991,0.781,0.985,1.01,1,0.58
30,71,0.163,9,0.3,58.0,6.067,4.2,2.625,1.0,0.99,1.01,0,0.385
30,44,0.101,9,0.3,60.0,5.833,4.033,2.493,0.83,1.002,1.01,0,0.44
30,63,0.145,7,0.233,37.0,4.9,3.567,3.284,1.0,1.113,1.01,0,0.49
30,58,0.133,9,0.3,49.0,5.833,4.167,3.007,1.31,0.995,1.01,0,0.475
30,46,0.106,9,0.3,54.0,6.167,4.4,2.26,1.0,1.012,1.01,1,0.69
30,74,0.17,6,0.2,50.0,6.133,4.333,2.933,0.812,1.028,1.01,1,0.53
30,71,0.163,3,0.1,24.0,6.033,4.233,2.619,1.0,0.944,1.01,1,0.67
30,55,0.126,9,0.3,64.0,6.333,4.4,3.078,1.0,0.935,1.01,0,0.46
30,75,0.172,7,0.233,55.0,5.733,4.067,3.028,1.0,0.952,1.01,1,0.53
30,39,0.09,6,0.2,38.0,5.833,4.233,2.937,1.0,0.984,1.01,1,0.525
30,80,0.184,9,0.3,61.0,5.4,3.8,2.486,1.5,1.049,1.01,1,0.565
30,39,0.09,9,0.3,39.0,4.467,3.233,2.474,1.0,1.011,1.01,0,0.46
30,70,0.161,9,0.3,40.0,5.767,3.967,2.648,1.0,1.087,1.01,0,0.41
30,26,0.06,9,0.3,39.0,5.7,4.067,2.693,1.471,1.013,1.01,1,0.63
30,60,0.138,8,0.267,43.0,6.133,4.267,2.738,1.0,1.001,1.01,1,0.745
30,33,0.076,9,0.3,51.0,4.9,3.467,2.537,1.0,1.016,1.01,1,0.58
30,36,0.083,9,0.3,47.0,5.567,3.933,2.825,1.192,1.044,1.01,0,0.435
30,33,0.076,3,0.1,16.0,5.2,3.633,2.295,1.0,0.968,1.01,1,0.815
30,80,0.184,8,0.267,45.0,4.567,3.267,2.849,1.037,1.042,1.01,1,0.535
30,76,0.175,9,0.3,73.0,5.6,3.967,2.621,0.806,1.027,1.01,0,0.49
30,75,0.172,8,0.267,71.0,5.3,3.733,3.109,0.889,1.015,1.01,1,0.52
30,64,0.147,9,0.3,47.0,5.6,3.967,2.737,1.0,0.927,1.01,1,0.57
30,49,0.113,9,0.3,55.0,5.367,3.8,2.785,0.933,0.967,1.01,0,0.435
30,18,0.041,9,0.3,52.0,5.367,3.9,2.846,0.954,0.988,1.01,1,0.515
30,64,0.147,9,0.3,71.0,6.933,4.867,2.888,0.898,0.912,1.01,1,0.52
30,41,0.094,9,0.3,52.0,4.833,3.4,2.627,1.0,1.0,1.01,0,0.495
30,67,0.154,9,0.3,56.0,5.667,4.0,2.94,1.179,1.017,1.01,0,0.485
30,80,0.184,6,0.2,40.0,5.133,3.667,2.897,1.0,1.029,1.01,1,0.635
30,20,0.046,3,0.1,21.0,5.6,3.833,2.884,1.0,1.026,1.01,1,0.53
30,57,0.131,9,0.3,53.0,5.833,4.167,2.89,1.0,0.97,1.01,1,0.595
30,53,0.122,8,0.267,55.0,5.367,3.9,3.232,1.0,0.975,1.01,0,0.455
30,36,0.083,9,0.3,42.0,4.9,3.467,2.94,1.069,1.07,1.01,1,0.535
30,52,0.12,9,0.3,61.0,5.433,3.833,2.609,1.0,1.006,1.01,1,0.56
30,73,0.168,8,0.267,57.0,5.5,3.967,3.037,1.0,0.912,1.01,1,0.55
30,67,0.154,8,0.267,45.0,5.167,3.567,3.018,1.0,1.043,1.01,0,0.47
30,30,0.069,9,0.3,44.0,4.733,3.3,2.625,1.0,0.982,1.01,0,0.43
30,75,0.172,8,0.267,52.0,5.3,3.733,3.12,0.73,0.992,1.01,1,0.79
30,78,0.179,7,0.233,47.0,4.7,3.433,2.984,1.0,0.998,1.01,1,0.67
30,73,0.168,8,0.267,63.0,5.567,4.0,2.788,0.889,0.945,1.01,1,0.51
30,91,0.209,3,0.1,27.0,4.533,3.233,2.837,1.0,0.993,1.01,0,0.445
30,68,0.156,7,0.233,44.0,5.467,3.9,2.968,0.857,0.951,1.01,1,0.8
30,76,0.175,8,0.267,52.0,5.8,4.1,3.044,1.0,1.027,1.01,0,0.49
30,35,0.08,9,0.3,47.0,5.333,3.8,2.881,1.417,1.049,1.01,1,0.655
30,44,0.101,8,0.267,59.0,5.933,4.233,2.876,1.0,0.949,1.01,1,0.555
30,72,0.166,9,0.3,57.0,5.6,3.967,2.931,1.0,0.937,1.01,1,0.51
30,57,0.131,9,0.3,65.0,6.167,4.267,2.692,1.0,1.019,1.01,0,0.46
30,22,0.051,9,0.3,41.0,5.1,3.567,2.631,0.906,1.023,1.01,1,0.5
30,21,0.048,9,0.3,41.0,5.267,3.767,2.924,1.143,1.051,1.01,0,0.49
30,62,0.143,9,0.3,48.0,5.667,4.0,2.905,1.769,1.011,1.01,0,0.44
30,15,0.034,9,0.3,34.0,4.867,3.467,2.583,1.341,1.014,1.01,0,0.465
30,60,0.138,3,0.1,29.0,6.033,4.2,2.918,1.0,1.005,1.01,1,0.63
30,40,0.092,9,0.3,36.0,5.2,3.633,2.734,0.481,0.973,1.01,1,0.545
30,45,0.103,8,0.267,64.0,6.4,4.567,2.634,1.0,0.99,1.01,0,0.465
30,23,0.053,9,0.3,50.0,5.667,4.0,2.881,1.159,1.005,1.01,0,0.45
30,36,0.083,9,0.3,49.0,5.2,3.5,2.734,1.182,1.036,1.01,1,0.56
30,68,0.156,9,0.3,71.0,6.133,4.3,3.026,1.0,1.055,1.01,0,0.46
30,25,0.057,9,0.3,50.0,5.667,3.933,2.537,0.839,1.061,1.01,1,0.565
30,66,0.152,9,0.3,61.0,5.633,3.933,3.023,1.044,1.078,1.01,1,0.565
30,22,0.051,9,0.3,41.0,5.167,3.633,2.627,1.0,1.059,1.01,1,0.5
30,47,0.108,9,0.3,54.0,5.167,3.733,3.206,1.0,0.962,1.01,0,0.46
30,36,0.083,9,0.3,46.0,4.867,3.467,2.837,1.0,1.0,1.01,1,0.575
30,22,0.051,3,0.1,21.0,5.5,3.9,2.789,0.692,1.036,1.01,1,0.575
30,73,0.168,7,0.233,46.0,3.7,2.733,2.246,1.0,0.998,1.01,1,0.535
30,28,0.064,9,0.3,53.0,5.667,4.033,2.657,1.109,0.986,1.01,0,0.46
30,80,0.184,8,0.267,50.0,5.767,4.067,2.861,1.0,1.002,1.01,1,0.665
30,63,0.145,7,0.233,39.0,4.5,3.2,2.751,1.0,0.934,1.01,0,0.44
30,64,0.147,9,0.3,63.0,5.5,3.933,2.933,1.207,1.083,1.01,1,0.5
30,55,0.126,9,0.3,49.0,6.2,4.3,2.369,1.0,0.913,1.01,1,0.675
30,76,0.175,8,0.267,58.0,6.1,4.1,2.339,1.0,0.955,1.01,1,0.58
30,69,0.159,9,0.3,69.0,5.7,4.1,3.186,1.0,0.93,1.01,0,0.465
30,31,0.071,9,0.3,55.0,5.467,3.9,2.968,0.8,0.986,1.01,0,0.485
30,16,0.037,9,0.3,44.0,6.267,4.333,2.638,0.771,1.024,1.01,0,0.35
30,56,0.129,2,0.067,20.0,5.233,3.733,3.025,1.0,1.088,1.01,1,0.66
30,71,0.163,8,0.267,60.0,6.2,4.3,2.784,1.0,0.983,1.01,0,0.455
30,39,0.09,9,0.3,52.0,6.167,4.367,2.627,0.763,0.992,1.01,0,0.43
30,21,0.048,9,0.3,61.0,6.167,4.467,3.075,1.0,0.987,1.01,0,0.435
30,54,0.124,9,0.3,54.0,5.767,4.167,2.609,0.701,0.969,1.01,1,0.51
30,74,0.17,9,0.3,58.0,5.733,4.033,3.118,1.0,1.065,1.01,0,0.475
30,22,0.051,9,0.3,44.0,5.333,3.767,2.537,1.052,0.976,1.01,0,0.445
30,48,0.11,8,0.267,58.0,5.267,3.767,3.084,1.0,0.993,1.01,1,0.52
30,40,0.092,8,0.267,51.0,6.3,4.467,2.693,1.111,1.034,1.01,0,0.47
30,63,0.145,8,0.267,41.0,4.667,3.267,2.368,1.0,1.013,1.01,0,0.485
30,68,0.156,9,0.3,53.0,5.6,3.933,2.872,0.952,1.004,1.01,0,0.485
30,22,0.051,2,0.067,17.0,5.067,3.467,2.406,1.0,1.041,1.01,0,0.49
30,25,0.057,9,0.3,50.0,5.533,3.867,2.623,1.0,0.938,1.01,0,0.365
30,39,0.09,9,0.3,52.0,5.8,4.1,2.894,1.055,1.017,1.01,1,0.64
30,21,0.048,9,0.3,51.0,5.3,3.767,2.769,0.887,1.014,1.01,0,0.48
30,72,0.166,8,0.267,46.0,5.367,3.767,2.81,1.0,0.943,1.01,1,0.55
30,76,0.175,8,0.267,53.0,5.067,3.667,2.791,1.5,1.073,1.01,1,0.515
30,50,0.115,9,0.3,46.0,5.867,4.133,2.649,1.0,1.005,1.01,1,0.605
30,19,0.044,9,0.3,38.0,5.867,4.167,3.048,1.051,1.067,1.01,1,0.51
30,61,0.14,9,0.3,50.0,5.8,4.133,2.894,0.767,0.945,1.01,0,0.485
30,68,0.156,9,0.3,57.0,5.367,3.833,2.965,1.0,1.033,1.01,1,0.63
30,68,0.156,9,0.3,51.0,5.933,4.133,2.703,1.102,1.061,1.01,1,0.545
30,34,0.078,3,0.1,20.0,5.033,3.7,3.057,0.84,1.028,1.01,1,0.51
30,11,0.025,2,0.067,17.0,5.1,3.667,2.881,1.16,1.096,1.01,1,0.525
30,23,0.053,9,0.3,51.0,5.433,3.8,2.763,0.714,1.011,1.01,0,0.47
30,40,0.092,12,0.4,64.0,5.233,3.767,3.126,1.0,0.988,1.01,1,0.56
30,29,0.067,12,0.4,78.0,5.567,4.067,3.298,1.02,1.095,1.01,0,0.44
30,39,0.09,10,0.333,66.0,5.0,3.633,3.14,1.0,0.896,1.01,1,0.505
30,44,0.101,12,0.4,79.0,5.467,3.767,2.688,1.0,0.97,1.01,0,0.445
30,37,0.085,12,0.4,58.0,5.767,4.133,2.967,1.0,0.983,1.01,0,0.445
30,47,0.108,12,0.4,72.0,4.867,3.4,2.596,0.838,0.949,1.01,0,0.365
30,64,0.147,10,0.333,65.0,5.3,3.8,2.744,0.786,0.977,1.01,1,0.605
30,37,0.085,12,0.4,52.0,4.4,3.1,2.824,1.0,0.996,1.01,1,0.56
30,59,0.136,12,0.4,73.0,5.633,4.033,3.0,1.0,0.99,1.01,0,0.38
30,15,0.034,2,0.067,19.0,5.233,3.733,2.979,1.286,0.968,1.01,0,0.495
30,66,0.152,11,0.367,76.0,5.7,3.933,2.395,0.75,0.948,1.01,1,0.505
30,34,0.078,12,0.4,64.0,5.567,4.067,2.75,0.875,0.989,1.01,0,0.48
30,41,0.094,12,0.4,79.0,5.8,4.133,3.078,0.829,0.928,1.01,0,0.49
30,63,0.145,12,0.4,68.0,5.6,3.8,2.527,0.93,1.029,1.01,1,0.61
30,41,0.094,11,0.367,53.0,5.7,4.1,2.95,1.0,1.049,1.01,0,0.46
30,57,0.131,12,0.4,72.0,6.1,4.4,2.964,1.0,1.03,1.01,1,0.5
30,57,0.131,12,0.4,70.0,5.8,4.233,2.917,0.975,1.029,1.01,1,0.555
30,45,0.103,12,0.4,70.0,5.4,3.767,2.608,1.0,1.019,1.01,1,0.58
30,60,0.138,12,0.4,89.0,6.933,4.9,2.716,1.0,0.976,1.01,1,0.53
30,44,0.101,12,0.4,66.0,6.2,4.133,2.538,1.0,1.02,1.01,0,0.495
30,54,0.124,3,0.1,22.0,5.033,3.533,2.341,1.0,0.99,1.01,1,0.605
30,41,0.094,12,0.4,59.0,5.6,3.933,3.035,1.057,0.979,1.01,0,0.47
30,37,0.085,12,0.4,69.0,5.467,3.933,3.071,1.0,0.977,1.01,1,0.53
30,51,0.117,12,0.4,52.0,5.2,3.667,2.722,1.0,0.95,1.01,1,0.65
30,39,0.09,11,0.367,70.0,6.2,4.6,2.905,1.0,0.984,1.01,1,0.515
30,31,0.071,12,0.4,67.0,6.5,4.6,2.446,1.022,0.944,1.01,1,0.545
30,60,0.138,12,0.4,75.0,6.233,4.3,2.661,1.0,1.005,1.01,0,0.425
30,40,0.092,12,0.4,64.0,5.867,4.067,2.874,1.0,0.909,1.01,1,0.505
30,22,0.051,12,0.4,66.0,4.967,3.433,2.399,1.0,1.002,1.01,0,0.395
30,46,0.106,12,0.4,73.0,5.967,4.067,2.859,1.0,0.973,1.01,1,0.515
30,51,0.117,12,0.4,73.0,5.9,4.267,2.905,0.786,0.979,1.01,1,0.595
30,53,0.122,3,0.1,22.0,5.333,3.8,3.22,1.0,1.005,1.01,1,0.63
30,43,0.099,11,0.367,64.0,5.3,3.833,3.007,1.122,1.118,1.01,0,0.46
30,70,0.161,9,0.3,60.0,5.833,4.233,3.217,1.0,1.03,1.01,1,0.58
30,49,0.113,12,0.4,65.0,5.333,3.7,2.644,1.0,0.975,1.01,0,0.475
30,22,0.051,12,0.4,60.0,6.0,4.233,3.384,1.0,0.96,1.01,1,0.555
30,52,0.12,10,0.333,59.0,5.0,3.633,2.519,1.0,1.034,1.01,0,0.435
30,68,0.156,12,0.4,60.0,5.533,3.967,2.956,1.0,0.996,1.01,0,0.49
30,63,0.145,11,0.367,60.0,4.533,3.333,2.776,1.0,0.995,1.01,1,0.64
30,24,0.055,12,0.4,63.0,5.467,3.967,3.082,1.0,0.983,1.01,0,0.465
30,17,0.039,12,0.4,71.0,5.633,3.933,2.47,1.0,1.079,1.01,0,0.49
30,18,0.041,12,0.4,74.0,5.433,3.9,2.849,1.0,0.97,1.01,0,0.48
30,51,0.117,3,0.1,21.0,6.367,4.567,2.697,1.0,1.132,1.01,0,0.445
30,47,0.108,11,0.367,57.0,5.233,3.767,3.234,0.688,0.978,1.01,0,0.47
30,56,0.129,12,0.4,61.0,5.367,3.867,3.459,1.0,1.047,1.01,1,0.505
30,56,0.129,12,0.4,67.0,5.333,3.7,3.055,1.0,1.027,1.01,0,0.455
30,43,0.099,12,0.4,60.0,5.567,4.0,3.181,1.0,0.931,1.01,1,0.53
30,36,0.083,12,0.4,67.0,4.833,3.5,2.817,1.0,0.929,1.01,1,0.5
30,30,0.069,12,0.4,77.0,5.167,3.733,2.995,1.0,0.944,1.01,0,0.47
30,40,0.092,12,0.4,79.0,5.767,4.0,2.75,0.837,0.933,1.01,0,0.48
30,52,0.12,12,0.4,69.0,6.0,4.3,2.948,1.214,1.012,1.01,0,0.365
30,38,0.087,12,0.4,64.0,5.467,3.833,2.897,1.0,0.956,1.01,0,0.49
30,33,0.076,11,0.367,58.0,5.033,3.633,2.965,1.0,0.953,1.01,0,0.475
30,65,0.149,3,0.1,20.0,5.267,3.633,2.243,1.0,1.049,1.01,1,0.81
30,56,0.129,11,0.367,81.0,5.9,4.133,2.808,0.702,0.91,1.01,1,0.64
30,65,0.149,11,0.367,72.0,5.567,3.8,2.725,1.0,1.004,1.01,1,0.565
30,57,0.131,12,0.4,75.0,5.5,3.9,2.813,0.927,0.995,1.01,1,0.505
30,59,0.136,12,0.4,61.0,4.567,3.3,2.885,0.593,0.932,1.01,1,0.71
30,58,0.133,12,0.4,76.0,5.6,3.867,2.872,1.231,0.99,1.01,1,0.54
30,24,0.055,12,0.4,58.0,4.4,3.2,2.931,1.064,1.044,1.01,1,0.505
30,34,0.078,12,0.4,67.0,4.833,3.533,3.097,1.0,0.977,1.01,1,0.535
30,65,0.149,8,0.267,70.0,6.067,4.267,2.912,1.0,0.974,1.01,1,0.505
30,59,0.136,12,0.4,83.0,6.3,4.467,2.48,1.0,1.0,1.01,1,0.54
30,29,0.067,12,0.4,57.0,5.5,3.867,2.898,1.0,0.948,1.01,0,0.36
30,68,0.156,3,0.1,24.0,4.9,3.467,2.808,1.0,0.959,1.01,1,0.58
30,58,0.133,12,0.4,87.0,5.8,4.167,2.952,1.64,1.052,1.01,0,0.425
30,42,0.097,12,0.4,67.0,5.0,3.433,3.118,1.0,0.989,1.01,1,0.53
30,53,0.122,12,0.4,55.0,4.667,3.267,3.078,1.0,1.004,1.01,0,0.475
30,59,0.136,12,0.4,76.0,6.433,4.533,2.897,1.0,0.955,1.01,0,0.435
30,18,0.041,12,0.4,47.0,5.033,3.5,3.102,1.262,0.977,1.01,1,0.52
30,38,0.087,12,0.4,69.0,4.9,3.633,2.833,0.962,0.969,1.01,1,0.655
30,49,0.113,12,0.4,75.0,6.267,4.333,2.728,1.15,0.978,1.01,1,0.555
30,38,0.087,10,0.333,65.0,5.867,4.167,3.246,1.096,0.999,1.01,0,0.41
30,46,0.106,12,0.4,74.0,5.933,4.133,2.97,1.0,0.96,1.01,0,0.475
30,37,0.085,12,0.4,71.0,5.767,4.167,2.849,1.0,1.062,1.01,0,0.425
30,47,0.108,3,0.1,25.0,5.733,4.1,2.84,1.75,1.198,1.01,1,0.685
30,45,0.103,12,0.4,71.0,5.633,4.033,3.079,1.0,1.012,1.01,1,0.525
30,27,0.062,12,0.4,76.0,5.867,4.267,3.06,0.889,1.064,1.01,1,0.52
30,63,0.145,12,0.4,59.0,5.433,3.833,2.944,1.0,0.973,1.01,1,0.545
30,70,0.161,8,0.267,60.0,5.733,4.167,3.051,1.0,0.958,1.01,1,0.58
30,41,0.094,12,0.4,91.0,6.233,4.467,3.048,1.556,1.165,1.01,1,0.505
30,47,0.108,12,0.4,55.0,6.3,4.5,3.131,0.864,0.984,1.01,0,0.45
30,61,0.14,11,0.367,65.0,5.433,3.8,2.897,1.0,1.01,1.01,0,0.455
30,32,0.074,12,0.4,81.0,6.667,4.733,2.746,0.868,0.982,1.01,1,0.54
30,41,0.094,12,0.4,66.0,5.4,3.933,2.673,1.0,1.008,1.01,0,0.425
30,58,0.133,12,0.4,57.0,4.933,3.633,2.791,0.895,0.937,1.01,0,0.415
30,48,0.11,3,0.1,27.0,5.733,4.167,3.14,1.385,1.066,1.01,1,0.535
30,60,0.138,11,0.367,62.0,5.967,4.267,2.748,0.964,0.983,1.01,1,0.75
30,66,0.152,12,0.4,68.0,5.3,3.733,2.744,1.0,1.004,1.01,0,0.495
30,18,0.041,12,0.4,51.0,4.933,3.433,2.703,0.861,1.083,1.01,0,0.45
30,19,0.044,12,0.4,73.0,5.233,3.767,3.07,1.0,0.987,1.01,1,0.53
30,58,0.133,10,0.333,71.0,5.5,3.933,3.014,0.806,1.058,1.01,0,0.465
30,54,0.124,11,0.367,67.0,5.3,3.933,2.693,0.708,0.881,1.01,1,0.615
30,47,0.108,12,0.4,67.0,5.833,4.2,3.312,1.077,1.087,1.01,0,0.485
30,41,0.094,12,0.4,69.0,5.367,3.833,3.079,1.114,0.953,1.01,1,0.585
30,51,0.117,12,0.4,81.0,5.7,4.067,2.984,1.0,0.98,1.01,1,0.55
30,61,0.14,10,0.333,64.0,4.5,3.3,3.048,0.886,1.031,1.01,0,0.445
30,17,0.039,3,0.1,20.0,5.233,3.7,3.126,0.867,1.065,1.01,1,0.605
30,57,0.131,12,0.4,79.0,6.233,4.433,2.991,1.0,0.979,1.01,0,0.485
30,25,0.057,12,0.4,77.0,6.033,4.2,2.735,1.0,0.962,1.01,0,0.445
30,61,0.14,10,0.333,63.0,5.433,3.833,2.7,1.0,1.027,1.01,1,0.635
30,41,0.094,12,0.4,60.0,4.833,3.5,2.878,1.0,0.985,1.01,1,0.545
30,42,0.097,12,0.4,55.0,4.8,3.533,3.199,1.0,0.995,1.01,0,0.47
30,16,0.037,12,0.4,61.0,5.2,3.767,3.284,1.0,0.962,1.01,0,0.425
30,72,0.166,11,0.367,69.0,5.633,3.967,2.883,1.0,1.02,1.01,1,0.605
30,63,0.145,12,0.4,58.0,4.767,3.367,2.445,1.0,0.985,1.01,1,0.51
30,22,0.051,12,0.4,61.0,4.9,3.533,2.657,1.0,0.986,1.01,0,0.445
30,52,0.12,12,0.4,67.0,5.667,4.033,2.808,1.0,0.932,1.01,1,0.535
30,94,0.216,3,0.1,30.0,5.333,3.833,3.427,1.0,1.0,1.01,1,0.555
30,34,0.078,3,0.1,27.0,6.567,4.6,3.025,1.0,1.009,1.01,0,0.485
30,50,0.115,12,0.4,61.0,5.167,3.7,2.972,1.0,0.947,1.01,1,0.55
30,43,0.099,15,0.5,98.0,6.233,4.433,2.861,1.0,0.991,1.01,0,0.49
30,19,0.044,15,0.5,47.0,3.8,2.7,2.413,1.0,0.981,1.01,0,0.435
30,55,0.126,15,0.5,92.0,5.367,3.7,2.371,1.0,0.911,1.01,1,0.66
30,52,0.12,15,0.5,86.0,5.8,4.233,3.056,0.81,0.991,1.01,0,0.475
30,28,0.064,15,0.5,91.0,6.567,4.6,2.542,1.0,1.019,1.01,0,0.39
30,50,0.115,15,0.5,82.0,5.667,4.067,2.832,1.0,0.955,1.01,1,0.52
30,48,0.11,15,0.5,84.0,6.0,4.233,3.184,1.0,1.07,1.01,0,0.49
30,49,0.113,15,0.5,86.0,6.133,4.4,3.014,0.932,0.972,1.01,0,0.385
30,41,0.094,15,0.5,89.0,5.467,3.933,2.726,1.0,1.042,1.01,0,0.49
30,51,0.117,3,0.1,28.0,5.233,3.633,3.148,1.0,1.026,1.01,1,0.555
30,24,0.055,15,0.5,78.0,5.9,4.033,2.551,0.944,0.965,1.01,1,0.555
30,28,0.064,15,0.5,69.0,5.133,3.8,3.235,1.089,1.0,1.01,0,0.455
30,49,0.113,15,0.5,90.0,5.667,3.967,2.537,0.75,0.986,1.01,0,0.415
30,48,0.11,15,0.5,95.0,5.467,3.9,2.623,1.0,0.96,1.01,1,0.58
30,55,0.126,13,0.433,83.0,5.533,4.033,3.288,1.0,0.908,1.01,1,0.55
30,43,0.099,15,0.5,94.0,6.0,4.2,2.841,1.062,1.042,1.01,0,0.495
30,54,0.124,15,0.5,64.0,5.367,3.833,2.859,1.0,0.975,1.01,0,0.49
30,47,0.108,15,0.5,77.0,4.367,3.2,2.988,1.0,1.11,1.01,1,0.5
30,50,0.115,15,0.5,69.0,5.067,3.7,2.959,1.0,0.923,1.01,0,0.475
30,56,0.129,14,0.467,80.0,5.3,3.6,2.322,1.0,1.02,1.01,1,0.605
30,34,0.078,2,0.067,19.0,5.733,3.967,2.545,1.0,1.015,1.01,1,0.72
30,45,0.103,15,0.5,98.0,6.667,4.667,2.783,1.0,0.957,1.01,1,0.52
30,53,0.122,14,0.467,96.0,5.367,3.833,2.798,0.864,0.957,1.01,1,0.53
30,54,0.124,14,0.467,80.0,5.267,3.733,2.888,0.741,1.04,1.01,0,0.43
30,27,0.062,15,0.5,75.0,5.5,3.967,2.61,1.0,1.013,1.01,0,0.425
30,59,0.136,14,0.467,90.0,6.067,4.267,3.14,0.737,1.007,1.01,1,0.52
30,20,0.046,15,0.5,83.0,5.033,3.533,2.81,1.0,0.962,1.01,0,0.45
30,47,0.108,13,0.433,89.0,5.967,4.167,2.484,1.0,1.072,1.01,1,0.56
30,50,0.115,14,0.467,76.0,5.467,3.8,2.501,0.609,1.016,1.01,1,0.595
30,32,0.074,15,0.5,83.0,5.433,3.833,3.07,0.894,0.953,1.01,0,0.465
30,59,0.136,15,0.5,66.0,4.833,3.333,2.679,1.0,1.046,1.01,0,0.465
30,35,0.08,3,0.1,22.0,5.333,3.833,2.869,1.0,1.025,1.01,1,0.695
30,34,0.078,15,0.5,65.0,5.0,3.467,2.983,0.875,0.955,1.01,1,0.505
30,51,0.117,15,0.5,93.0,6.133,4.1,2.556,1.0,0.918,1.01,1,0.57
30,30,0.069,15,0.5,86.0,5.767,4.133,3.059,1.0,1.0,1.01,0,0.435
30,49,0.113,15,0.5,87.0,5.8,4.133,2.964,1.0,1.0,1.01,1,0.565
30,23,0.053,15,0.5,80.0,4.5,3.267,2.739,1.128,1.021,1.01,0,0.44
30,50,0.115,15,0.5,87.0,5.433,3.833,2.897,1.0,1.042,1.01,1,0.505
30,30,0.069,15,0.5,83.0,6.267,4.5,2.982,1.0,0.952,1.01,0,0.43
30,53,0.122,13,0.433,105.0,6.033,4.233,2.988,0.886,1.016,1.01,1,0.55
30,23,0.053,15,0.5,81.0,4.833,3.4,2.793,1.0,1.013,1.01,0,0.49
30,44,0.101,15,0.5,88.0,5.933,4.233,3.107,1.0,0.99,1.01,0,0.46
30,38,0.087,2,0.067,18.0,4.967,3.533,2.442,1.0,1.054,1.01,1,0.705
30,22,0.051,15,0.5,105.0,6.367,4.467,3.337,1.0,0.997,1.01,0,0.455
30,30,0.069,15,0.5,99.0,6.0,4.233,2.421,1.0,0.967,1.01,0,0.465
30,29,0.067,15,0.5,70.0,4.933,3.433,2.766,1.0,1.013,1.01,0,0.48
30,23,0.053,15,0.5,70.0,5.133,3.667,2.738,1.0,0.992,1.01,0,0.45
30,51,0.117,15,0.5,80.0,5.667,4.033,2.928,2.25,1.13,1.01,0,0.365
30,22,0.051,15,0.5,85.0,6.3,4.367,2.818,1.0,0.94,1.01,0,0.465
30,37,0.085,15,0.5,74.0,4.733,3.433,3.183,1.0,0.927,1.01,1,0.59
30,53,0.122,15,0.5,88.0,5.767,4.133,3.148,1.0,0.988,1.01,1,0.5
30,47,0.108,14,0.467,103.0,5.967,4.3,3.2,0.655,0.986,1.01,1,0.545
30,25,0.057,15,0.5,83.0,5.533,3.867,2.738,1.0,1.014,1.01,0,0.465
30,36,0.083,3,0.1,20.0,6.067,4.233,2.116,1.0,1.165,1.01,1,0.54
30,36,0.083,15,0.5,74.0,5.533,3.867,3.159,1.0,1.029,1.01,1,0.525
30,20,0.046,15,0.5,98.0,6.0,4.133,2.573,1.0,1.033,1.01,0,0.39
30,33,0.076,15,0.5,75.0,4.967,3.567,2.942,1.0,0.947,1.01,0,0.435
30,34,0.078,15,0.5,90.0,6.333,4.533,2.783,0.87,0.999,1.01,1,0.6
30,61,0.14,15,0.5,80.0,5.2,3.667,2.87,0.818,0.957,1.01,1,0.605
30,46,0.106,15,0.5,91.0,5.433,3.8,2.8,1.0,0.998,1.01,0,0.375
30,40,0.092,14,0.467,90.0,5.667,4.0,3.021,1.0,1.018,1.01,1,0.565
30,37,0.085,15,0.5,72.0,5.233,3.7,2.674,1.0,1.021,1.01,1,0.64
30,50,0.115,14,0.467,108.0,6.133,4.3,3.235,1.178,1.035,1.01,1,0.65
30,48,0.11,14,0.467,59.0,4.3,3.033,2.292,1.263,1.093,1.01,1,0.505
30,42,0.097,2,0.067,19.0,5.033,3.633,3.011,1.0,0.995,1.01,1,0.755
30,24,0.055,15,0.5,111.0,6.2,4.4,3.112,1.0,1.019,1.01,0,0.45
30,50,0.115,15,0.5,104.0,5.833,4.0,2.437,1.0,1.044,1.01,1,0.505
30,48,0.11,14,0.467,93.0,6.3,4.367,2.83,1.0,0.913,1.01,1,0.59
30,32,0.074,15,0.5,92.0,6.0,4.2,2.889,1.0,0.962,1.01,1,0.545
30,45,0.103,15,0.5,78.0,5.5,3.867,2.688,1.0,1.03,1.01,0,0.435
30,55,0.126,14,0.467,93.0,5.667,4.033,3.166,1.0,0.968,1.01,1,0.58
30,29,0.067,15,0.5,74.0,6.0,4.2,2.828,1.1,1.041,1.01,0,0.44
30,25,0.057,15,0.5,86.0,5.533,4.0,2.886,1.0,0.971,1.01,1,0.515
30,51,0.117,15,0.5,97.0,5.833,4.033,2.534,1.0,0.991,1.01,0,0.435
30,41,0.094,15,0.5,71.0,5.4,3.8,2.943,1.0,0.956,1.01,0,0.49
30,65,0.149,3,0.1,25.0,5.8,4.133,2.999,1.04,1.037,1.01,0,0.46
30,46,0.106,15,0.5,103.0,6.1,4.167,2.644,1.0,0.909,1.01,0,0.45
30,34,0.078,15,0.5,86.0,5.267,3.767,2.612,1.0,0.964,1.01,0,0.47
30,42,0.097,15,0.5,87.0,5.433,3.8,2.991,1.0,0.987,1.01,1,0.57
30,39,0.09,15,0.5,94.0,5.467,3.967,3.192,1.0,0.973,1.01,0,0.425
30,55,0.126,14,0.467,101.0,5.767,4.033,2.648,1.321,1.003,1.01,1,0.545
30,46,0.106,15,0.5,86.0,5.633,4.067,2.697,0.868,1.021,1.01,0,0.46
30,54,0.124,15,0.5,93.0,6.0,4.2,2.816,1.0,1.052,1.01,0,0.415
30,23,0.053,15,0.5,94.0,6.067,4.267,2.84,1.0,0.972,1.01,0,0.38
30,48,0.11,15,0.5,81.0,5.567,4.0,2.921,1.0,0.987,1.01,0,0.445
30,37,0.085,15,0.5,100.0,5.133,3.633,3.104,0.705,1.015,1.01,1,0.53
30,59,0.136,3,0.1,26.0,5.667,4.033,3.032,1.0,1.038,1.01,1,0.535
30,35,0.08,15,0.5,89.0,5.4,3.933,2.872,1.0,1.014,1.01,1,0.525
30,46,0.106,15,0.5,90.0,5.7,4.233,2.769,0.583,0.968,1.01,0,0.47
30,45,0.103,15,0.5,85.0,4.867,3.633,3.137,1.0,1.065,1.01,0,0.49
30,31,0.071,15,0.5,85.0,5.8,4.233,2.722,0.769,0.963,1.01,0,0.49
30,29,0.067,15,0.5,84.0,5.867,4.067,2.515,1.0,1.019,1.01,0,0.475
30,45,0.103,15,0.5,98.0,5.4,3.833,2.699,1.0,0.939,1.01,0,0.46
30,30,0.069,15,0.5,87.0,6.333,4.367,2.617,1.13,0.995,1.01,0,0.495
30,30,0.069,15,0.5,86.0,5.567,3.933,3.181,1.0,1.005,1.01,1,0.52
30,44,0.101,15,0.5,81.0,5.533,3.867,2.713,1.0,0.993,1.01,0,0.48
30,49,0.113,15,0.5,81.0,5.767,4.0,2.648,1.0,1.05,1.01,1,0.535
30,55,0.126,3,0.1,26.0,5.567,3.967,3.025,1.0,0.995,1.01,1,0.74
30,26,0.06,15,0.5,82.0,5.233,3.733,2.315,1.1,1.012,1.01,0,0.375
30,54,0.124,13,0.433,89.0,5.4,3.8,2.774,1.0,1.041,1.01,1,0.505
30,26,0.06,15,0.5,74.0,5.5,3.867,2.701,1.0,0.992,1.01,0,0.29
30,46,0.106,13,0.433,73.0,4.333,3.067,2.893,1.0,0.939,1.01,1,0.645
30,31,0.071,15,0.5,99.0,5.867,4.2,3.071,1.0,0.985,1.01,1,0.52
30,46,0.106,14,0.467,72.0,4.867,3.533,2.897,0.885,0.972,1.01,0,0.49
30,43,0.099,15,0.5,81.0,5.6,4.067,2.673,1.0,1.014,1.01,0,0.48
30,50,0.115,15,0.5,94.0,5.767,4.033,2.921,1.0,0.929,1.01,0,0.42
30,35,0.08,15,0.5,77.0,5.7,4.033,2.938,0.514,0.921,1.01,1,0.54
30,46,0.106,13,0.433,92.0,6.167,4.3,2.817,1.182,1.004,1.01,1,0.575
30,64,0.147,3,0.1,24.0,6.0,4.1,2.877,7.0,1.243,1.01,1,0.545
30,36,0.083,3,0.1,19.0,6.067,4.233,3.107,1.0,1.194,1.01,1,0.88
30,46,0.106,13,0.433,68.0,4.933,3.5,2.532,1.0,1.002,1.01,1,0.595
30,22,0.051,18,0.6,103.0,5.333,3.733,2.721,1.0,0.968,1.01,0,0.395
30,42,0.097,18,0.6,102.0,5.933,4.333,3.352,0.6,0.975,1.01,0,0.435
30,47,0.108,18,0.6,107.0,5.5,3.8,3.116,1.0,0.97,1.01,1,0.53
30,35,0.08,18,0.6,103.0,5.6,3.933,2.66,1.0,1.011,1.01,1,0.51
30,40,0.092,16,0.533,97.0,5.133,3.733,2.945,1.0,1.008,1.01,1,0.565
30,33,0.076,18,0.6,110.0,5.733,4.0,2.69,0.919,0.972,1.01,1,0.555
30,42,0.097,18,0.6,105.0,5.967,4.267,3.211,1.0,1.119,1.01,0,0.42
30,41,0.094,18,0.6,119.0,6.0,4.333,2.959,1.0,1.01,1.01,0,0.39
30,45,0.103,15,0.5,87.0,5.233,3.633,2.837,1.0,0.984,1.01,1,0.555
30,20,0.046,2,0.067,16.0,5.367,3.733,3.034,0.571,0.977,1.01,1,0.59
30,38,0.087,18,0.6,74.0,5.033,3.633,3.045,1.0,1.044,1.01,0,0.49
30,45,0.103,17,0.567,86.0,5.233,3.667,2.674,0.765,1.019,1.01,1,0.57
30,35,0.08,17,0.567,93.0,4.9,3.5,2.44,1.0,1.03,1.01,0,0.39
30,25,0.057,18,0.6,78.0,4.067,3.033,2.716,1.235,1.065,1.01,0,0.345
30,37,0.085,18,0.6,92.0,5.8,4.133,2.952,0.935,1.035,1.01,1,0.555
30,45,0.103,17,0.567,121.0,5.8,4.1,3.123,1.0,0.971,1.01,0,0.485
30,25,0.057,18,0.6,84.0,5.533,4.0,3.082,1.0,1.128,1.01,1,0.5
30,45,0.103,17,0.567,118.0,6.3,4.467,2.818,0.809,1.013,1.01,1,0.57
30,45,0.103,18,0.6,98.0,5.233,3.8,2.956,1.0,1.042,1.01,0,0.46
30,38,0.087,18,0.6,101.0,5.933,4.167,2.959,1.0,0.949,1.01,1,0.56
30,83,0.191,3,0.1,24.0,5.0,3.633,2.613,1.0,1.013,1.01,1,0.66
30,44,0.101,17,0.567,126.0,6.233,4.367,3.148,1.0,0.995,1.01,1,0.585
30,48,0.11,18,0.6,125.0,6.5,4.633,2.583,0.918,0.94,1.01,1,0.56
30,46,0.106,18,0.6,115.0,6.133,4.2,2.145,1.14,1.092,1.01,1,0.54
30,35,0.08,18,0.6,106.0,5.5,3.867,2.813,1.12,1.067,1.01,0,0.48
30,39,0.09,18,0.6,78.0,5.133,3.633,2.649,1.0,1.02,1.01,0,0.455
30,44,0.101,18,0.6,94.0,5.567,3.9,2.932,1.0,0.978,1.01,0,0.435
30,48,0.11,18,0.6,113.0,5.467,3.9,2.897,1.0,1.051,1.01,1,0.59
30,43,0.099,16,0.533,76.0,4.667,3.3,2.832,1.0,1.01,1.01,1,0.55
30,42,0.097,18,0.6,106.0,5.5,3.933,3.16,1.0,1.111,1.01,0,0.47
30,38,0.087,17,0.567,107.0,6.1,4.367,2.708,1.225,1.001,1.01,0,0.435
30,12,0.028,2,0.067,20.0,5.233,3.6,2.75,1.0,1.013,1.01,1,0.52
30,49,0.113,18,0.6,98.0,5.5,3.933,2.825,1.0,1.004,1.01,1,0.585
30,40,0.092,18,0.6,80.0,5.1,3.733,2.952,0.923,0.922,1.01,1,0.535
30,28,0.064,18,0.6,123.0,6.3,4.4,2.781,1.0,0.988,1.01,0,0.47
30,32,0.074,18,0.6,80.0,5.2,3.733,2.882,0.771,0.983,1.01,0,0.46
30,46,0.106,18,0.6,109.0,5.9,4.267,2.917,1.0,0.978,1.01,0,0.35
30,45,0.103,18,0.6,91.0,5.067,3.667,3.084,1.0,0.983,1.01,0,0.41
30,45,0.103,18,0.6,111.0,5.2,3.667,2.657,1.0,1.059,1.01,1,0.58
30,35,0.08,18,0.6,88.0,5.333,3.633,2.881,1.0,0.968,1.01,0,0.47
30,41,0.094,18,0.6,77.0,4.733,3.533,3.118,1.0,0.978,1.01,0,0.465
30,34,0.078,18,0.6,90.0,5.4,3.767,2.908,0.872,0.998,1.01,1,0.505
30,57,0.131,3,0.1,28.0,5.7,4.033,2.914,1.0,0.949,1.01,1,0.505
30,36,0.083,18,0.6,86.0,4.933,3.433,2.716,1.0,1.062,1.01,1,0.555
30,35,0.08,17,0.567,97.0,4.867,3.533,2.7,0.655,0.948,1.01,1,0.585
30,28,0.064,18,0.6,106.0,5.5,3.933,3.105,1.209,1.006,1.01,0,0.435
30,51,0.117,17,0.567,94.0,4.867,3.5,2.886,1.0,0.93,1.01,1,0.52
30,51,0.117,18,0.6,110.0,5.367,3.8,3.034,1.0,1.047,1.01,1,0.56
30,28,0.064,18,0.6,120.0,5.8,3.967,2.809,0.811,1.049,1.01,1,0.555
30,48,0.11,18,0.6,105.0,5.533,3.8,3.048,1.0,1.019,1.01,1,0.52
30,29,0.067,18,0.6,95.0,5.967,4.133,2.646,1.0,0.971,1.01,0,0.36
30,50,0.115,18,0.6,101.0,5.733,4.033,2.348,1.0,0.97,1.01,1,0.565
30,33,0.076,18,0.6,102.0,5.933,4.2,2.947,1.0,0.948,1.01,0,0.485
30,31,0.071,2,0.067,18.0,6.0,4.133,2.716,1.0,0.988,1.01,1,0.765
30,38,0.087,18,0.6,76.0,4.4,3.1,2.634,1.0,0.949,1.01,1,0.54
30,39,0.09,18,0.6,124.0,6.4,4.633,2.634,0.857,0.957,1.01,1,0.535
30,28,0.064,18,0.6,96.0,5.3,3.667,2.68,1.0,1.019,1.01,1,0.575
30,24,0.055,18,0.6,90.0,4.833,3.567,3.018,1.0,0.92,1.01,0,0.405
30,40,0.092,17,0.567,60.0,4.167,2.967,2.422,1.0,0.976,1.01,0,0.375
30,26,0.06,18,0.6,112.0,6.0,4.2,2.407,0.942,1.028,1.01,0,0.43
30,25,0.057,18,0.6,131.0,6.733,4.7,2.753,0.881,0.974,1.01,1,0.53
30,26,0.06,18,0.6,101.0,5.767,4.0,2.473,0.873,1.024,1.01,0,0.465
30,40,0.092,18,0.6,101.0,5.1,3.6,2.746,1.0,1.003,1.01,0,0.46
30,22,0.051,18,0.6,108.0,6.033,4.233,2.697,1.0,0.988,1.01,0,0.465
30,20,0.046,2,0.067,20.0,5.267,3.667,2.545,0.5,0.973,1.01,1,0.505
30,43,0.099,17,0.567,112.0,5.9,4.1,2.975,1.0,0.983,1.01,1,0.53
30,23,0.053,18,0.6,120.0,6.3,4.3,3.007,1.0,0.977,1.01,0,0.48
30,23,0.053,18,0.6,104.0,5.833,4.3,2.914,1.0,1.03,1.01,1,0.56
30,30,0.069,18,0.6,120.0,6.633,4.6,2.735,1.0,0.966,1.01,0,0.49
30,40,0.092,18,0.6,111.0,5.4,3.767,3.103,1.0,0.941,1.01,0,0.47
30,41,0.094,17,0.567,109.0,6.033,4.2,2.977,1.0,0.953,1.01,1,0.59
30,44,0.101,18,0.6,92.0,5.033,3.567,2.895,1.0,1.017,1.01,0,0.45
30,24,0.055,18,0.6,94.0,5.867,4.267,3.329,1.25,0.973,1.01,0,0.455
30,26,0.06,18,0.6,90.0,4.667,3.367,2.845,1.0,1.007,1.01,0,0.405
30,39,0.09,18,0.6,98.0,5.633,4.033,3.0,1.0,0.997,1.01,0,0.435
30,50,0.115,3,0.1,27.0,6.433,4.567,2.837,1.0,1.064,1.01,1,0.505
30,34,0.078,18,0.6,101.0,5.4,3.9,3.276,1.0,0.956,1.01,0,0.425
30,46,0.106,18,0.6,81.0,4.633,3.433,3.0,0.974,0.908,1.01,1,0.54
30,44,0.101,17,0.567,121.0,6.7,4.733,2.602,1.0,0.997,1.01,1,0.62
30,47,0.108,18,0.6,115.0,5.767,4.1,2.979,1.172,1.1,1.01,0,0.49
30,22,0.051,18,0.6,113.0,6.3,4.3,2.466,1.0,0.978,1.01,1,0.66
30,36,0.083,18,0.6,106.0,5.433,3.933,3.093,1.0,0.946,1.01,0,0.44
30,41,0.094,18,0.6,84.0,4.367,3.233,2.798,0.667,0.94,1.01,1,0.5
30,23,0.053,18,0.6,107.0,6.2,4.3,3.01,0.931,0.961,1.01,0,0.455
30,32,0.074,18,0.6,95.0,5.067,3.533,2.434,1.0,1.0,1.01,1,0.505
30,41,0.094,18,0.6,89.0,4.967,3.5,2.341,1.0,0.986,1.01,1,0.525
30,7,0.016,2,0.067,14.0,4.433,3.267,2.609,1.3,1.14,1.01,1,0.55
30,42,0.097,18,0.6,94.0,5.567,3.933,2.861,1.0,1.083,1.01,0,0.39
30,29,0.067,18,0.6,99.0,6.0,4.2,2.665,1.0,0.97,1.01,0,0.405
30,40,0.092,18,0.6,101.0,4.867,3.433,2.98,1.0,1.015,1.01,1,0.545
30,31,0.071,18,0.6,94.0,5.2,3.7,2.917,1.0,0.933,1.01,0,0.49
30,39,0.09,18,0.6,91.0,4.767,3.4,2.932,0.583,0.987,1.01,0,0.44
30,34,0.078,18,0.6,97.0,5.267,3.733,2.599,0.857,0.932,1.01,0,0.46
30,40,0.092,18,0.6,98.0,4.8,3.533,2.759,1.0,0.993,1.01,0,0.435
30,30,0.069,18,0.6,107.0,5.867,4.067,2.956,1.0,0.984,1.01,0,0.47
30,18,0.041,18,0.6,85.0,5.133,3.767,2.763,1.0,0.971,1.01,1,0.505
30,38,0.087,17,0.567,105.0,5.167,3.767,2.984,1.0,0.958,1.01,1,0.52
30,67,0.154,3,0.1,26.0,5.067,3.7,3.151,1.19,1.101,1.01,1,0.545
30,44,0.101,18,0.6,98.0,5.6,4.0,2.966,1.0,0.947,1.01,1,0.535
30,48,0.11,18,0.6,115.0,5.367,3.8,3.222,1.0,1.014,1.01,0,0.41
30,43,0.099,18,0.6,82.0,4.633,3.333,2.895,1.0,0.992,1.01,1,0.58
30,26,0.06,18,0.6,108.0,5.733,4.0,2.84,1.0,0.988,1.01,1,0.505
30,46,0.106,17,0.567,101.0,5.5,3.933,3.16,1.0,1.07,1.01,1,0.52
30,44,0.101,18,0.6,102.0,5.567,3.967,3.002,1.0,0.945,1.01,0,0.425
30,38,0.087,18,0.6,95.0,5.667,3.867,2.412,1.0,0.98,1.01,0,0.465
30,24,0.055,18,0.6,89.0,5.433,3.733,2.622,1.0,0.979,1.01,0,0.465
30,36,0.083,18,0.6,71.0,4.667,3.4,2.845,0.903,1.0,1.01,1,0.555
30,25,0.057,18,0.6,130.0,6.033,4.333,3.0,1.0,0.989,1.01,0,0.44
30,28,0.064,3,0.1,17.0,5.133,3.633,3.071,1.0,0.99,1.01,1,0.67
30,20,0.046,2,0.067,15.0,5.033,3.533,2.539,1.0,1.033,1.01,1,0.885
30,53,0.122,18,0.6,96.0,4.633,3.333,2.859,1.0,1.0,1.01,1,0.585
30,39,0.09,20,0.667,115.0,5.533,4.0,3.104,1.0,0.982,1.01,0,0.39
30,26,0.06,21,0.7,127.0,5.933,4.2,3.269,1.186,1.048,1.01,0,0.49
30,26,0.06,21,0.7,133.0,5.933,4.3,2.791,0.867,0.965,1.01,1,0.515
30,34,0.078,21,0.7,144.0,6.967,4.9,2.297,1.0,0.979,1.01,1,0.61
30,40,0.092,21,0.7,120.0,5.933,4.2,2.741,0.952,0.962,1.01,0,0.475
30,34,0.078,21,0.7,120.0,5.7,4.233,2.996,1.0,1.011,1.01,0,0.37
30,29,0.067,21,0.7,107.0,5.8,4.133,3.089,0.808,0.975,1.01,1,0.585
30,38,0.087,19,0.633,131.0,6.2,4.3,2.999,1.0,1.026,1.01,0,0.455
30,45,0.103,21,0.7,116.0,5.433,3.833,2.861,1.0,0.97,1.01,0,0.34
30,46,0.106,2,0.067,20.0,5.1,3.667,2.975,0.765,1.022,1.01,1,0.61
30,32,0.074,21,0.7,139.0,6.3,4.467,2.914,1.0,1.028,1.01,0,0.465
30,35,0.08,21,0.7,125.0,6.4,4.467,2.943,0.8,0.972,1.01,1,0.54
30,25,0.057,21,0.7,129.0,6.267,4.367,2.864,1.0,1.009,1.01,0,0.385
30,29,0.067,21,0.7,121.0,5.733,4.0,2.791,1.0,1.01,1.01,0,0.465
30,43,0.099,21,0.7,145.0,6.867,4.9,2.675,1.0,0.983,1.01,1,0.51
30,42,0.097,19,0.633,101.0,5.067,3.767,3.443,0.633,0.963,1.01,0,0.48
30,25,0.057,21,0.7,110.0,5.4,3.8,2.458,1.0,1.021,1.01,1,0.55
30,43,0.099,21,0.7,114.0,4.9,3.467,2.857,1.0,1.019,1.01,0,0.455
30,33,0.076,21,0.7,108.0,5.2,3.567,2.592,1.0,0.958,1.01,1,0.555
30,23,0.053,21,0.7,114.0,5.067,3.633,3.151,1.0,1.008,1.01,0,0.445
30,54,0.124,3,0.1,24.0,5.2,3.667,2.976,1.0,1.011,1.01,1,0.53
30,28,0.064,21,0.7,94.0,4.7,3.433,2.914,1.0,0.953,1.01,0,0.425
30,39,0.09,21,0.7,93.0,5.033,3.6,2.918,1.25,1.092,1.01,0,0.46
30,32,0.074,21,0.7,97.0,4.8,3.367,2.845,1.0,1.012,1.01,0,0.445
30,27,0.062,21,0.7,142.0,6.367,4.433,2.606,1.0,0.959,1.01,0,0.405
30,37,0.085,21,0.7,122.0,5.433,3.9,3.002,0.951,1.028,1.01,0,0.425
30,26,0.06,21,0.7,107.0,5.4,3.8,2.647,1.0,0.973,1.01,1,0.515
30,39,0.09,21,0.7,100.0,4.633,3.333,2.619,1.0,0.995,1.01,0,0.455
30,41,0.094,20,0.667,122.0,4.833,3.467,3.052,1.0,0.954,1.01,0,0.35
30,25,0.057,21,0.7,109.0,5.3,3.7,2.95,1.0,0.972,1.01,1,0.54
30,36,0.083,21,0.7,111.0,5.433,3.833,2.635,1.0,1.011,1.01,0,0.405
30,51,0.117,3,0.1,25.0,5.6,3.9,3.125,1.0,1.013,1.01,1,0.66
30,33,0.076,21,0.7,132.0,5.567,3.8,2.956,1.0,1.151,1.01,1,0.54
30,38,0.087,21,0.7,125.0,6.167,4.4,2.817,1.0,1.013,1.01,0,0.49
30,31,0.071,21,0.7,121.0,5.833,4.133,2.925,1.0,0.992,1.01,0,0.49
30,25,0.057,21,0.7,130.0,5.667,4.133,2.758,1.238,1.051,1.01,0,0.425
30,39,0.09,18,0.6,106.0,5.4,3.9,3.047,1.0,0.942,1.01,1,0.535
30,31,0.071,21,0.7,105.0,5.4,3.867,3.255,1.0,1.029,1.01,1,0.58
30,38,0.087,21,0.7,104.0,5.3,3.7,2.718,1.0,1.033,1.01,0,0.49
30,43,0.099,21,0.7,125.0,5.333,3.767,2.832,1.0,0.945,1.01,0,0.445
30,40,0.092,21,0.7,127.0,5.5,3.8,2.726,1.0,1.066,1.01,1,0.555
30,40,0.092,21,0.7,122.0,5.933,4.167,2.434,1.0,0.945,1.01,0,0.47
30,44,0.101,2,0.067,20.0,5.133,3.633,3.246,1.0,1.003,1.01,1,0.655
30,42,0.097,21,0.7,120.0,5.533,3.933,3.34,1.0,1.08,1.01,0,0.455
30,40,0.092,20,0.667,123.0,6.0,4.2,2.959,1.0,0.987,1.01,1,0.505
30,26,0.06,21,0.7,120.0,6.0,4.2,2.6,1.0,1.016,1.01,0,0.44
30,37,0.085,21,0.7,97.0,4.967,3.633,3.168,1.0,1.016,1.01,0,0.445
30,23,0.053,21,0.7,113.0,5.4,3.8,3.201,1.0,1.057,1.01,1,0.585
30,41,0.094,21,0.7,108.0,5.033,3.567,2.58,1.14,1.069,1.01,0,0.41
30,24,0.055,21,0.7,120.0,5.6,3.967,2.699,1.0,1.012,1.01,0,0.49
30,34,0.078,21,0.7,124.0,6.367,4.533,2.566,1.0,1.035,1.01,0,0.475
30,38,0.087,21,0.7,130.0,5.6,3.933,2.811,1.0,1.016,1.01,0,0.495
30,33,0.076,21,0.7,141.0,6.533,4.533,2.529,1.0,0.994,1.01,1,0.545
30,47,0.108,3,0.1,23.0,5.333,3.833,2.963,1.0,1.027,1.01,1,0.51
30,36,0.083,21,0.7,124.0,5.5,3.967,3.298,1.0,1.081,1.01,0,0.39
30,30,0.069,21,0.7,109.0,5.333,3.767,2.771,1.423,1.002,1.01,0,0.475
30,28,0.064,21,0.7,114.0,5.433,3.8,3.025,1.022,1.062,1.01,1,0.505
30,34,0.078,21,0.7,118.0,6.233,4.367,2.712,1.0,1.067,1.01,0,0.44
30,27,0.062,21,0.7,113.0,6.167,4.5,2.972,1.0,1.003,1.01,0,0.485
30,40,0.092,21,0.7,124.0,5.9,4.2,3.199,1.0,0.97,1.01,0,0.405
30,46,0.106,21,0.7,111.0,5.5,3.9,3.048,1.0,1.117,1.01,1,0.515
30,39,0.09,21,0.7,125.0,5.567,3.833,2.596,1.0,0.92,1.01,1,0.59
30,42,0.097,19,0.633,125.0,5.767,4.2,3.014,0.963,0.948,1.01,0,0.43
30,25,0.057,21,0.7,101.0,4.933,3.567,3.051,1.0,0.972,1.01,0,0.415
30,22,0.051,3,0.1,26.0,5.967,4.3,2.93,1.037,1.014,1.01,0,0.455
30,26,0.06,21,0.7,104.0,5.1,3.7,2.759,1.0,0.985,1.01,0,0.415
30,37,0.085,21,0.7,129.0,6.133,4.267,2.825,1.0,0.922,1.01,1,0.52
30,34,0.078,21,0.7,129.0,6.067,4.3,3.016,1.265,0.977,1.01,0,0.465
30,30,0.069,21,0.7,122.0,5.667,4.033,2.928,1.0,0.945,1.01,0,0.385
30,25,0.057,21,0.7,110.0,5.533,3.933,2.738,1.0,0.981,1.01,1,0.535
30,36,0.083,21,0.7,103.0,4.6,3.2,2.787,1.0,1.004,1.01,1,0.615
30,34,0.078,21,0.7,111.0,5.367,3.967,3.296,1.0,1.017,1.01,0,0.385
30,42,0.097,20,0.667,108.0,5.067,3.6,2.935,1.0,1.053,1.01,1,0.615
30,29,0.067,21,0.7,121.0,5.667,4.133,3.273,1.368,1.085,1.01,1,0.555
30,37,0.085,21,0.7,109.0,4.833,3.433,2.506,1.0,0.989,1.01,1,0.615
30,27,0.062,3,0.1,18.0,5.767,4.067,2.582,1.286,1.028,1.01,1,0.575
30,37,0.085,21,0.7,145.0,5.933,4.267,3.237,1.0,0.946,1.01,0,0.45
30,33,0.076,20,0.667,130.0,6.467,4.567,2.968,1.0,0.971,1.01,0,0.44
30,33,0.076,21,0.7,125.0,5.867,4.133,2.945,1.0,0.963,1.01,0,0.485
30,40,0.092,21,0.7,96.0,4.433,3.133,2.648,1.176,1.065,1.01,0,0.43
30,44,0.101,21,0.7,105.0,5.2,3.667,2.845,1.0,1.045,1.01,0,0.48
30,37,0.085,21,0.7,105.0,5.6,4.0,2.943,1.0,1.02,1.01,0,0.42
30,39,0.09,21,0.7,118.0,5.3,3.733,3.12,1.0,0.959,1.01,1,0.52
30,42,0.097,21,0.7,135.0,5.667,4.067,3.367,1.0,1.009,1.01,0,0.49
30,26,0.06,21,0.7,97.0,5.033,3.533,2.71,1.0,1.008,1.01,0,0.395
30,44,0.101,21,0.7,102.0,4.833,3.467,2.755,1.0,0.983,1.01,1,0.65
30,19,0.044,3,0.1,19.0,5.267,3.6,2.392,1.0,0.983,1.01,1,0.55
30,32,0.074,21,0.7,108.0,4.933,3.467,2.815,1.0,1.032,1.01,0,0.41
30,37,0.085,21,0.7,110.0,5.3,3.8,3.087,1.0,0.974,1.01,0,0.455
30,33,0.076,20,0.667,113.0,5.233,3.733,3.17,1.0,0.954,1.01,1,0.51
30,38,0.087,21,0.7,111.0,5.533,3.867,2.776,1.0,0.928,1.01,1,0.57
30,36,0.083,21,0.7,117.0,5.133,3.567,2.897,1.0,1.026,1.01,1,0.525
30,27,0.062,21,0.7,127.0,6.2,4.333,2.964,1.0,0.982,1.01,0,0.46
30,27,0.062,21,0.7,119.0,5.6,4.0,2.711,1.152,1.012,1.01,0,0.485
30,27,0.062,21,0.7,113.0,5.067,3.767,3.279,1.0,1.025,1.01,0,0.465
30,41,0.094,21,0.7,128.0,5.933,4.267,2.651,1.0,0.951,1.01,1,0.52
30,33,0.076,21,0.7,100.0,4.4,3.133,2.328,0.76,0.897,1.01,1,0.545
30,56,0.129,3,0.1,23.0,5.5,4.0,2.825,1.0,0.986,1.01,1,0.945
30,38,0.087,21,0.7,106.0,4.6,3.2,2.238,1.0,1.122,1.01,1,0.545
30,25,0.057,21,0.7,116.0,5.933,4.233,2.625,1.0,1.007,1.01,1,0.575
30,40,0.092,21,0.7,93.0,4.467,3.2,2.897,1.0,1.009,1.01,0,0.445
30,34,0.078,20,0.667,134.0,6.6,4.6,2.931,1.0,0.969,1.01,1,0.625
30,25,0.057,21,0.7,113.0,5.033,3.4,2.371,1.0,1.011,1.01,1,0.595
30,41,0.094,21,0.7,138.0,6.3,4.4,2.879,1.0,0.923,1.01,1,0.515
30,32,0.074,21,0.7,106.0,4.9,3.567,2.905,1.0,0.942,1.01,0,0.33
30,29,0.067,21,0.7,125.0,5.8,4.067,2.905,1.0,0.946,1.01,0,0.48
30,32,0.074,21,0.7,139.0,5.867,4.267,2.763,1.024,1.062,1.01,0,0.44
30,38,0.087,21,0.7,123.0,5.467,3.933,3.371,1.0,1.056,1.01,0,0.435
30,28,0.064,3,0.1,18.0,5.667,3.9,2.617,1.0,0.993,1.01,1,0.585
30,12,0.028,2,0.067,20.0,5.167,3.7,3.217,0.692,1.049,1.01,1,0.54
30,30,0.069,21,0.7,110.0,5.1,3.733,2.784,1.0,1.108,1.01,0,0.445
30,35,0.08,24,0.8,139.0,6.1,4.233,2.917,1.0,0.926,1.01,0,0.46
30,31,0.071,24,0.8,151.0,6.2,4.333,2.821,0.872,0.939,1.01,0,0.455
30,26,0.06,24,0.8,120.0,4.7,3.333,2.769,1.0,0.919,1.01,1,0.63
30,25,0.057,24,0.8,147.0,5.867,4.2,3.037,1.0,1.03,1.01,0,0.4
30,35,0.08,23,0.767,119.0,5.1,3.633,2.917,1.0,0.966,1.01,0,0.445
30,31,0.071,24,0.8,113.0,4.967,3.5,3.045,0.68,0.994,1.01,1,0.505
30,39,0.09,24,0.8,112.0,4.667,3.333,2.44,1.0,0.94,1.01,0,0.45
30,29,0.067,24,0.8,133.0,5.5,3.9,2.945,1.286,1.009,1.01,0,0.475
30,33,0.076,24,0.8,148.0,6.267,4.433,3.051,0.737,0.982,1.01,0,0.4
30,63,0.145,3,0.1,24.0,6.3,4.6,3.03,1.0,1.008,1.01,1,0.72
30,30,0.069,24,0.8,142.0,5.5,3.867,2.583,1.0,1.008,1.01,0,0.415
30,28,0.064,24,0.8,132.0,5.033,3.567,2.785,1.0,1.011,1.01,1,0.535
30,34,0.078,24,0.8,123.0,5.333,3.833,2.893,1.0,1.028,1.01,0,0.485
30,35,0.08,24,0.8,149.0,5.633,3.9,2.81,1.0,1.04,1.01,1,0.525
30,36,0.083,24,0.8,149.0,5.967,4.267,3.0,1.0,1.069,1.01,0,0.44
30,30,0.069,24,0.8,129.0,5.5,3.933,3.181,1.273,1.164,1.01,0,0.485
30,31,0.071,24,0.8,130.0,5.333,3.667,2.537,1.0,0.963,1.01,0,0.48
30,28,0.064,24,0.8,133.0,5.433,3.867,2.75,1.0,0.905,1.01,0,0.455
30,29,0.067,24,0.8,124.0,5.2,3.633,2.905,1.0,1.012,1.01,1,0.565
30,37,0.085,23,0.767,125.0,5.4,3.867,2.848,1.0,1.115,1.01,0,0.495
30,14,0.032,3,0.1,16.0,5.733,3.933,2.406,0.786,1.132,1.01,1,0.63
30,29,0.067,24,0.8,153.0,6.533,4.8,2.968,1.0,0.993,1.01,1,0.55
30,36,0.083,24,0.8,117.0,5.167,3.667,3.007,1.409,1.007,1.01,1,0.51
30,27,0.062,24,0.8,137.0,5.667,3.933,2.975,1.0,1.084,1.01,1,0.57
30,29,0.067,24,0.8,108.0,4.4,3.167,2.799,1.0,0.924,1.01,0,0.415
30,28,0.064,24,0.8,145.0,5.6,3.933,3.047,1.0,1.027,1.01,0,0.4
30,35,0.08,24,0.8,96.0,4.633,3.2,2.93,1.0,0.977,1.01,1,0.53
30,35,0.08,22,0.733,132.0,5.933,4.333,3.373,1.0,1.033,1.01,0,0.435
30,34,0.078,24,0.8,152.0,5.833,4.133,2.817,1.0,1.198,1.01,0,0.47
30,36,0.083,22,0.733,119.0,4.867,3.433,2.688,1.0,0.976,1.01,1,0.605
30,32,0.074,24,0.8,119.0,4.8,3.467,2.683,1.0,1.024,1.01,0,0.47
30,78,0.179,3,0.1,28.0,5.267,3.767,3.028,1.545,0.989,1.01,1,0.555
30,32,0.074,24,0.8,142.0,5.733,4.067,2.69,1.0,1.109,1.01,0,0.485
30,31,0.071,24,0.8,139.0,6.2,4.467,2.797,1.171,1.099,1.01,0,0.415
30,30,0.069,24,0.8,130.0,5.533,4.0,3.192,0.919,0.982,1.01,0,0.48
30,31,0.071,24,0.8,112.0,4.933,3.5,2.753,1.333,1.03,1.01,0,0.405
30,33,0.076,24,0.8,125.0,5.2,3.6,2.999,1.0,1.019,1.01,0,0.45
30,37,0.085,24,0.8,112.0,4.967,3.4,2.539,1.0,0.982,1.01,1,0.605
30,36,0.083,24,0.8,102.0,4.8,3.433,2.882,1.0,0.987,1.01,0,0.48
30,34,0.078,24,0.8,133.0,5.433,3.833,3.014,1.0,0.971,1.01,0,0.485
30,29,0.067,24,0.8,110.0,4.3,3.0,2.493,1.0,1.118,1.01,1,0.54
30,31,0.071,24,0.8,113.0,4.533,3.233,2.763,1.036,1.002,1.01,0,0.435
30,41,0.094,2,0.067,20.0,5.667,3.933,2.564,1.0,0.894,1.01,1,0.535
30,34,0.078,24,0.8,124.0,5.367,3.867,2.895,1.0,0.98,1.01,0,0.46
30,34,0.078,24,0.8,115.0,4.767,3.467,2.788,1.0,1.001,1.01,0,0.4
30,30,0.069,24,0.8,127.0,4.867,3.467,3.148,1.0,0.993,1.01,0,0.39
30,30,0.069,24,0.8,135.0,5.533,4.0,3.148,0.824,1.001,1.01,0,0.49
30,27,0.062,24,0.8,137.0,5.733,3.967,2.333,1.0,0.957,1.01,0,0.41
30,37,0.085,24,0.8,137.0,5.533,3.933,2.738,1.0,1.077,1.01,0,0.395
30,29,0.067,24,0.8,133.0,5.233,3.667,2.569,1.0,0.913,1.01,1,0.55
30,31,0.071,24,0.8,151.0,6.267,4.5,3.172,1.0,0.948,1.01,0,0.47
30,33,0.076,24,0.8,105.0,4.833,3.433,2.829,1.0,1.049,1.01,1,0.535
30,29,0.067,24,0.8,124.0,5.033,3.6,3.157,1.6,1.187,1.01,0,0.47
30,73,0.168,3,0.1,26.0,6.567,4.733,2.897,1.0,0.946,1.01,1,0.9
30,34,0.078,24,0.8,119.0,5.033,3.5,2.859,1.0,0.995,1.01,1,0.535
30,33,0.076,24,0.8,137.0,6.167,4.333,2.878,1.241,1.108,1.01,1,0.515
30,35,0.08,24,0.8,127.0,4.733,3.367,2.778,1.0,0.989,1.01,1,0.515
30,32,0.074,24,0.8,125.0,5.333,3.833,2.963,1.0,0.956,1.01,1,0.53
30,26,0.06,24,0.8,119.0,5.067,3.6,2.559,1.0,0.988,1.01,0,0.34
30,28,0.064,24,0.8,122.0,5.033,3.533,2.822,1.0,1.053,1.01,0,0.385
30,27,0.062,24,0.8,137.0,5.733,4.1,3.269,1.0,1.039,1.01,1,0.545
30,27,0.062,24,0.8,131.0,5.633,4.0,3.102,1.0,1.121,1.01,0,0.46
30,35,0.08,24,0.8,143.0,6.033,4.233,3.09,1.0,0.917,1.01,1,0.565
30,28,0.064,24,0.8,120.0,4.833,3.5,2.534,1.0,1.008,1.01,0,0.38
30,32,0.074,3,0.1,20.0,5.167,3.567,2.306,0.826,1.137,1.01,1,0.715
30,27,0.062,24,0.8,133.0,5.9,4.2,3.055,1.0,0.961,1.01,0,0.435
30,34,0.078,23,0.767,113.0,4.7,3.467,3.098,1.0,1.021,1.01,0,0.36
30,30,0.069,24,0.8,132.0,5.267,3.733,2.864,0.784,0.942,1.01,1,0.535
30,29,0.067,24,0.8,120.0,5.2,3.8,2.964,1.5,1.139,1.01,0,0.465
30,31,0.071,24,0.8,168.0,6.633,4.533,2.539,1.0,1.0,1.01,1,0.5
30,32,0.074,24,0.8,149.0,6.333,4.5,2.82,1.0,0.928,1.01,1,0.515
30,35,0.08,24,0.8,133.0,5.7,4.133,2.902,1.0,1.035,1.01,0,0.455
30,28,0.064,24,0.8,134.0,5.5,3.967,3.246,1.0,0.996,1.01,0,0.445
30,28,0.064,24,0.8,148.0,5.933,4.167,2.993,1.0,1.071,1.01,1,0.575
30,34,0.078,24,0.8,140.0,5.6,3.967,2.66,1.0,1.029,1.01,0,0.495
30,40,0.092,3,0.1,21.0,5.633,4.0,2.606,0.6,1.082,1.01,1,0.705
30,32,0.074,24,0.8,139.0,5.933,4.1,3.084,1.0,1.024,1.01,1,0.51
30,28,0.064,24,0.8,121.0,4.967,3.6,2.883,1.0,0.965,1.01,1,0.5
30,32,0.074,24,0.8,136.0,5.5,3.767,1.978,1.0,1.075,1.01,1,0.555
30,26,0.06,24,0.8,146.0,5.9,4.033,2.82,1.0,0.987,1.01,0,0.36
30,36,0.083,24,0.8,129.0,5.467,3.9,2.763,1.0,1.037,1.01,0,0.44
30,30,0.069,24,0.8,138.0,5.267,3.767,3.062,1.0,1.003,1.01,0,0.445
30,31,0.071,24,0.8,110.0,4.633,3.3,2.498,1.0,1.047,1.01,0,0.48
30,36,0.083,23,0.767,131.0,5.6,4.1,2.872,1.0,1.036,1.01,0,0.395
30,35,0.08,24,0.8,136.0,5.3,3.733,2.769,0.731,0.934,1.01,0,0.465
30,32,0.074,24,0.8,135.0,5.967,4.267,3.011,0.854,0.927,1.01,1,0.525
30,41,0.094,3,0.1,23.0,6.0,4.333,2.877,0.789,1.026,1.01,1,0.58
30,29,0.067,24,0.8,139.0,5.733,3.967,2.599,1.0,0.95,1.01,0,0.45
30,28,0.064,24,0.8,132.0,5.6,3.967,3.223,1.0,0.966,1.01,1,0.505
30,36,0.083,24,0.8,150.0,6.2,4.4,2.87,1.0,1.018,1.01,0,0.49
30,30,0.069,24,0.8,136.0,5.367,3.8,2.895,0.756,0.921,1.01,0,0.45
30,30,0.069,24,0.8,125.0,5.567,4.033,3.35,0.667,1.0,1.01,0,0.49
30,27,0.062,24,0.8,114.0,5.2,3.733,3.033,1.0,0.998,1.01,0,0.485
30,29,0.067,24,0.8,129.0,5.4,3.8,2.634,1.0,0.964,1.01,0,0.495
30,32,0.074,24,0.8,122.0,5.3,3.767,2.938,0.714,0.933,1.01,0,0.455
30,32,0.074,24,0.8,151.0,5.833,4.133,2.878,1.0,1.017,1.01,0,0.44
30,34,0.078,24,0.8,117.0,4.567,3.3,2.738,1.032,1.032,1.01,0,0.43
30,58,0.133,3,0.1,26.0,5.733,4.067,2.912,1.0,0.98,1.01,1,0.575
30,27,0.062,24,0.8,147.0,6.433,4.533,2.596,1.0,1.006,1.01,1,0.55
30,38,0.087,24,0.8,146.0,6.1,4.3,2.746,1.0,1.031,1.01,0,0.365
30,27,0.062,24,0.8,148.0,6.033,4.033,2.414,1.0,0.999,1.01,1,0.545
30,38,0.087,24,0.8,135.0,5.367,3.767,2.81,1.0,0.955,1.01,0,0.435
30,35,0.08,24,0.8,148.0,5.767,4.1,2.967,1.0,0.947,1.01,0,0.48
30,34,0.078,24,0.8,139.0,5.667,4.067,2.708,1.0,0.995,1.01,0,0.435
30,35,0.08,24,0.8,158.0,6.5,4.633,3.371,1.0,0.973,1.01,0,0.475
30,32,0.074,24,0.8,140.0,5.767,4.1,2.635,1.0,1.083,1.01,0,0.425
30,30,0.069,24,0.8,130.0,5.533,3.967,2.98,1.0,0.982,1.01,0,0.395
30,27,0.062,24,0.8,148.0,5.567,4.0,2.873,1.029,1.076,1.01,0,0.46
30,25,0.057,3,0.1,26.0,5.3,3.767,3.12,1.273,1.034,1.01,1,0.52
30,39,0.09,2,0.067,17.0,5.4,3.767,3.081,1.0,1.0,1.01,1,0.695
30,31,0.071,24,0.8,154.0,6.367,4.433,2.659,1.1,1.03,1.01,0,0.48
30,30,0.069,27,0.9,148.0,5.367,3.833,3.285,1.0,1.004,1.01,1,0.52
30,32,0.074,27,0.9,149.0,5.433,3.8,2.569,1.0,0.949,1.01,0,0.405
30,31,0.071,27,0.9,130.0,4.833,3.5,2.805,1.0,0.986,1.01,0,0.47
30,29,0.067,27,0.9,129.0,5.033,3.667,2.988,1.0,0.983,1.01,0,0.47
30,30,0.069,27,0.9,160.0,5.7,4.0,2.322,1.0,0.984,1.01,0,0.495
30,31,0.071,27,0.9,154.0,5.767,4.333,3.17,1.0,1.03,1.01,0,0.445
30,28,0.064,27,0.9,158.0,5.967,4.233,2.918,1.0,0.999,1.01,0,0.435
30,28,0.064,27,0.9,151.0,5.533,3.8,2.98,0.789,0.985,1.01,0,0.44
30,32,0.074,27,0.9,173.0,6.2,4.367,2.784,0.763,0.954,1.01,1,0.52
30,10,0.023,2,0.067,16.0,6.2,4.4,2.772,1.0,0.974,1.01,1,0.755
30,30,0.069,27,0.9,138.0,5.167,3.633,2.64,1.0,1.033,1.01,0,0.465
30,33,0.076,27,0.9,148.0,5.367,3.767,2.71,1.0,1.065,1.01,1,0.525
30,34,0.078,26,0.867,144.0,5.467,3.967,3.026,1.0,1.013,1.01,1,0.575
30,31,0.071,27,0.9,134.0,5.333,3.833,3.044,1.0,1.025,1.01,0,0.445
30,32,0.074,27,0.9,156.0,5.767,3.933,2.763,1.0,1.002,1.01,0,0.46
30,30,0.069,27,0.9,126.0,4.567,3.3,2.763,1.0,0.93,1.01,0,0.465
30,32,0.074,27,0.9,168.0,6.033,4.067,2.773,1.0,1.048,1.01,1,0.505
30,32,0.074,27,0.9,156.0,5.7,4.233,3.153,1.0,1.012,1.01,0,0.385
30,31,0.071,27,0.9,145.0,5.233,3.7,2.674,1.0,1.03,1.01,1,0.525
30,33,0.076,27,0.9,148.0,5.467,3.833,2.751,1.32,1.055,1.01,0,0.4
30,57,0.131,3,0.1,26.0,6.467,4.667,2.956,1.0,1.093,1.01,1,0.525
30,30,0.069,27,0.9,155.0,5.667,4.033,2.905,1.0,0.955,1.01,0,0.445
30,30,0.069,27,0.9,136.0,4.9,3.467,2.683,1.0,1.045,1.01,1,0.58
30,30,0.069,27,0.9,163.0,5.667,4.0,3.177,1.0,0.972,1.01,0,0.36
30,32,0.074,27,0.9,166.0,5.833,4.067,2.96,1.0,1.01,1.01,0,0.415
30,31,0.071,27,0.9,150.0,5.5,3.967,3.319,0.875,1.004,1.01,0,0.44
30,32,0.074,27,0.9,141.0,4.933,3.567,2.791,0.897,0.964,1.01,0,0.455
30,33,0.076,27,0.9,138.0,4.933,3.633,3.162,1.0,1.026,1.01,0,0.46
30,30,0.069,27,0.9,140.0,5.133,3.567,2.675,1.0,0.995,1.01,1,0.515
30,30,0.069,27,0.9,163.0,6.033,4.333,2.965,1.0,1.001,1.01,0,0.31
30,32,0.074,24,0.8,106.0,4.167,3.033,2.73,0.762,0.951,1.01,0,0.415
30,52,0.12,3,0.1,23.0,5.533,3.933,3.224,1.0,1.003,1.01,1,0.515
30,30,0.069,27,0.9,168.0,6.0,4.167,2.792,1.0,1.001,1.01,0,0.43
30,32,0.074,27,0.9,158.0,5.6,3.933,3.191,1.0,0.987,1.01,0,0.44
30,32,0.074,27,0.9,141.0,5.133,3.6,2.543,1.0,1.013,1.01,1,0.61
30,30,0.069,27,0.9,139.0,5.233,3.8,3.39,1.0,0.969,1.01,0,0.455
30,28,0.064,27,0.9,160.0,5.933,4.2,2.664,1.0,0.959,1.01,0,0.38
30,30,0.069,27,0.9,122.0,4.467,3.167,2.738,1.0,0.981,1.01,1,0.505
30,32,0.074,27,0.9,167.0,6.0,4.233,2.704,1.0,0.975,1.01,0,0.48
30,30,0.069,27,0.9,155.0,6.067,4.333,3.248,1.0,0.985,1.01,0,0.485
30,30,0.069,27,0.9,164.0,6.1,4.3,2.917,1.0,0.992,1.01,1,0.515
30,31,0.071,27,0.9,157.0,5.7,4.1,3.261,1.0,1.077,1.01,1,0.525
30,120,0.276,3,0.1,26.0,5.367,3.633,2.748,1.375,1.04,1.01,1,0.715
30,31,0.071,27,0.9,137.0,5.2,3.7,2.455,0.778,1.019,1.01,1,0.52
30,30,0.069,27,0.9,141.0,5.167,3.6,2.574,1.0,0.961,1.01,1,0.52
30,32,0.074,27,0.9,156.0,5.4,3.8,2.594,1.0,0.92,1.01,1,0.505
30,31,0.071,27,0.9,165.0,6.067,4.333,2.97,1.0,1.053,1.01,1,0.5
30,32,0.074,27,0.9,164.0,6.033,4.2,2.659,1.214,1.045,1.01,0,0.385
30,30,0.069,27,0.9,165.0,6.0,4.133,2.652,1.308,1.043,1.01,1,0.505
30,29,0.067,27,0.9,150.0,5.433,3.867,2.725,1.0,1.032,1.01,0,0.45
30,32,0.074,27,0.9,152.0,5.933,4.2,2.741,1.0,0.946,1.01,0,0.47
30,32,0.074,25,0.833,120.0,4.3,3.133,2.973,1.0,1.02,1.01,0,0.34
30,31,0.071,27,0.9,111.0,4.133,2.967,2.432,1.0,0.947,1.01,0,0.435
30,11,0.025,3,0.1,24.0,5.333,3.8,2.845,1.353,1.014,1.01,0,0.445
30,31,0.071,27,0.9,168.0,5.867,4.167,2.991,1.0,0.979,1.01,0,0.445
30,29,0.067,27,0.9,153.0,5.667,4.067,2.975,1.0,0.969,1.01,0,0.45
30,30,0.069,27,0.9,156.0,5.8,4.1,3.056,1.0,0.963,1.01,0,0.485
30,31,0.071,27,0.9,144.0,5.267,3.667,2.716,1.062,1.036,1.01,0,0.445
30,29,0.067,27,0.9,146.0,5.433,3.733,2.648,1.0,0.955,1.01,0,0.47
30,31,0.071,27,0.9,159.0,5.833,4.067,2.561,1.0,1.021,1.01,0,0.44
30,32,0.074,27,0.9,142.0,5.167,3.7,3.119,1.0,1.015,1.01,1,0.59
30,31,0.071,27,0.9,118.0,4.7,3.333,2.793,1.0,1.135,1.01,0,0.475
30,32,0.074,27,0.9,132.0,4.8,3.433,3.112,1.0,0.966,1.01,0,0.49
30,33,0.076,27,0.9,176.0,6.4,4.333,2.724,1.0,1.03,1.01,1,0.505
30,16,0.037,2,0.067,15.0,5.467,3.867,2.726,1.0,1.149,1.01,1,0.655
30,30,0.069,27,0.9,169.0,5.933,4.167,2.532,1.0,1.016,1.01,0,0.46
30,31,0.071,27,0.9,164.0,6.033,4.267,2.822,1.0,0.905,1.01,1,0.505
30,32,0.074,27,0.9,159.0,6.2,4.4,2.845,1.0,0.975,1.01,0,0.495
30,31,0.071,27,0.9,150.0,5.467,3.8,2.897,1.0,1.047,1.01,0,0.44
30,32,0.074,27,0.9,142.0,4.9,3.7,3.241,1.0,1.01,1.01,0,0.355
30,29,0.067,27,0.9,140.0,5.4,3.867,3.035,1.0,1.032,1.01,0,0.395
30,32,0.074,27,0.9,165.0,6.167,4.3,2.666,1.0,0.976,1.01,0,0.495
30,32,0.074,27,0.9,158.0,5.833,4.0,2.866,0.742,0.922,1.01,0,0.49
30,31,0.071,27,0.9,144.0,5.233,3.733,2.825,1.0,1.038,1.01,1,0.51
30,31,0.071,27,0.9,124.0,4.7,3.4,2.68,1.0,0.954,1.01,0,0.495
30,52,0.12,3,0.1,26.0,5.067,3.467,2.828,0.857,1.041,1.01,1,0.505
30,31,0.071,27,0.9,150.0,5.533,3.967,3.246,0.677,0.96,1.01,0,0.42
30,31,0.071,27,0.9,171.0,6.633,4.667,3.0,0.837,0.93,1.01,1,0.525
30,30,0.069,27,0.9,144.0,5.6,3.967,2.978,1.0,0.961,1.01,0,0.47
30,32,0.074,27,0.9,141.0,5.167,3.633,2.614,1.0,0.998,1.01,0,0.47
30,32,0.074,27,0.9,141.0,5.6,4.0,3.001,1.0,0.992,1.01,1,0.54
30,33,0.076,27,0.9,156.0,5.8,4.0,2.455,1.0,0.944,1.01,0,0.49
30,30,0.069,27,0.9,170.0,6.333,4.267,2.591,1.0,0.909,1.01,1,0.51
30,29,0.067,27,0.9,141.0,5.2,3.633,3.089,1.0,0.951,1.01,0,0.485
30,30,0.069,27,0.9,199.0,7.567,5.533,2.725,1.0,0.981,1.01,0,0.425
30,30,0.069,27,0.9,193.0,7.3,5.033,2.246,1.0,0.98,1.01,0,0.46
30,26,0.06,2,0.067,20.0,5.133,3.7,3.17,0.75,1.046,1.01,1,0.745
30,32,0.074,27,0.9,152.0,5.5,3.867,2.886,1.0,0.888,1.01,1,0.655
30,29,0.067,27,0.9,162.0,5.9,4.2,3.078,0.868,0.958,1.01,0,0.455
30,31,0.071,27,0.9,160.0,5.933,4.333,3.503,1.0,1.014,1.01,1,0.545
30,29,0.067,27,0.9,165.0,6.433,4.567,3.104,0.804,0.936,1.01,0,0.47
30,31,0.071,27,0.9,159.0,5.8,4.133,2.905,0.865,0.914,1.01,1,0.5
30,30,0.069,27,0.9,133.0,5.167,3.467,2.705,1.0,0.907,1.01,1,0.565
30,30,0.069,27,0.9,169.0,6.133,4.233,2.874,1.0,0.989,1.01,0,0.425
30,32,0.074,27,0.9,157.0,5.367,3.933,3.034,1.0,1.015,1.01,0,0.465
30,31,0.071,27,0.9,152.0,5.867,4.2,2.713,1.0,0.964,1.01,1,0.615
30,28,0.064,27,0.9,173.0,6.0,4.167,3.14,1.0,1.112,1.01,0,0.445
30,35,0.08,2,0.067,18.0,5.533,3.9,3.06,1.0,0.945,1.01,1,0.78
30,33,0.076,27,0.9,151.0,5.667,4.133,3.315,1.0,1.016,1.01,0,0.4
30,31,0.071,27,0.9,178.0,6.633,4.7,3.045,1.0,0.996,1.01,0,0.455
30,33,0.076,27,0.9,159.0,5.733,3.933,2.638,1.0,1.003,1.01,0,0.475
30,32,0.074,25,0.833,147.0,5.4,3.967,3.5,1.0,0.995,1.01,1,0.595
30,29,0.067,27,0.9,153.0,5.567,3.933,3.104,1.0,1.005,1.01,1,0.525
30,30,0.069,27,0.9,154.0,6.033,4.267,3.011,1.152,1.063,1.01,1,0.515
30,30,0.069,27,0.9,145.0,5.267,3.867,2.84,1.0,0.921,1.01,1,0.54
30,31,0.071,27,0.9,139.0,5.033,3.6,2.977,1.0,1.036,1.01,0,0.425
30,31,0.071,27,0.9,135.0,5.1,3.667,2.44,1.231,1.063,1.01,0,0.395
30,30,0.069,27,0.9,140.0,5.1,3.633,2.683,1.0,0.947,1.01,0,0.49
30,69,0.159,3,0.1,28.0,5.733,4.1,2.664,1.231,1.054,1.01,1,0.54
30,76,0.175,3,0.1,25.0,5.467,3.667,2.788,1.0,1.036,1.01,1,0.525
30,32,0.074,27,0.9,151.0,5.567,3.967,3.002,1.0,0.993,1.01,0,0.395
30,33,0.076,2,0.067,17.0,4.733,3.433,2.716,1.0,0.992,1.01,1,0.795
30,69,0.159,3,0.1,21.0,5.333,3.767,3.252,0.714,0.99,1.01,1,0.94
30,63,0.145,3,0.1,18.0,5.633,3.967,2.906,1.0,1.043,1.01,1,0.715
30,33,0.076,3,0.1,20.0,6.033,4.333,2.697,1.0,1.022,1.01,1,0.59
30,45,0.103,3,0.1,29.0,6.3,4.467,2.95,1.0,0.93,1.01,1,0.555
30,165,0.379,3,0.1,29.0,5.767,4.233,3.126,1.24,0.973,1.01,1,0.84
30,21,0.048,2,0.067,19.0,5.533,3.9,2.897,1.0,1.062,1.01,1,0.74
30,48,0.11,3,0.1,25.0,5.233,3.733,2.555,1.0,0.982,1.01,0,0.48
30,161,0.37,3,0.1,30.0,5.767,4.033,3.148,0.727,1.022,1.01,1,0.755
