sp_bin,file_name,PD
rangen2_SP01,RG30_SP01_1.rcp,16
rangen2_SP01,RG30_SP01_10.rcp,21
rangen2_SP01,RG30_SP01_100.rcp,22
rangen2_SP01,RG30_SP01_11.rcp,14
rangen2_SP01,RG30_SP01_12.rcp,15
rangen2_SP01,RG30_SP01_13.rcp,15
rangen2_SP01,RG30_SP01_14.rcp,17
rangen2_SP01,RG30_SP01_15.rcp,14
rangen2_SP01,RG30_SP01_16.rcp,19
rangen2_SP01,RG30_SP01_17.rcp,17
rangen2_SP01,RG30_SP01_18.rcp,16
rangen2_SP01,RG30_SP01_19.rcp,17
rangen2_SP01,RG30_SP01_2.rcp,15
rangen2_SP01,RG30_SP01_20.rcp,15
rangen2_SP01,RG30_SP01_21.rcp,16
rangen2_SP01,RG30_SP01_22.rcp,17
rangen2_SP01,RG30_SP01_23.rcp,25
rangen2_SP01,RG30_SP01_24.rcp,16
rangen2_SP01,RG30_SP01_25.rcp,21
rangen2_SP01,RG30_SP01_26.rcp,24
rangen2_SP01,RG30_SP01_27.rcp,17
rangen2_SP01,RG30_SP01_28.rcp,18
rangen2_SP01,RG30_SP01_29.rcp,17
rangen2_SP01,RG30_SP01_3.rcp,16
rangen2_SP01,RG30_SP01_30.rcp,19
rangen2_SP01,RG30_SP01_31.rcp,28
rangen2_SP01,RG30_SP01_32.rcp,14
rangen2_SP01,RG30_SP01_33.rcp,14
rangen2_SP01,RG30_SP01_34.rcp,17
rangen2_SP01,RG30_SP01_35.rcp,21
rangen2_SP01,RG30_SP01_36.rcp,15
rangen2_SP01,RG30_SP01_37.rcp,17
rangen2_SP01,RG30_SP01_38.rcp,19
rangen2_SP01,RG30_SP01_39.rcp,18
rangen2_SP01,RG30_SP01_4.rcp,14
rangen2_SP01,RG30_SP01_40.rcp,20
rangen2_SP01,RG30_SP01_41.rcp,20
rangen2_SP01,RG30_SP01_42.rcp,15
rangen2_SP01,RG30_SP01_43.rcp,15
rangen2_SP01,RG30_SP01_44.rcp,15
rangen2_SP01,RG30_SP01_45.rcp,17
rangen2_SP01,RG30_SP01_46.rcp,17
rangen2_SP01,RG30_SP01_47.rcp,26
rangen2_SP01,RG30_SP01_48.rcp,20
rangen2_SP01,RG30_SP01_49.rcp,15
rangen2_SP01,RG30_SP01_5.rcp,24
rangen2_SP01,RG30_SP01_50.rcp,24
rangen2_SP01,RG30_SP01_51.rcp,15
rangen2_SP01,RG30_SP01_52.rcp,15
rangen2_SP01,RG30_SP01_53.rcp,14
rangen2_SP01,RG30_SP01_54.rcp,14
rangen2_SP01,RG30_SP01_55.rcp,17
rangen2_SP01,RG30_SP01_56.rcp,16
rangen2_SP01,RG30_SP01_57.rcp,20
rangen2_SP01,RG30_SP01_58.rcp,20
rangen2_SP01,RG30_SP01_59.rcp,25
rangen2_SP01,RG30_SP01_6.rcp,21
rangen2_SP01,RG30_SP01_60.rcp,17
rangen2_SP01,RG30_SP01_61.rcp,29
rangen2_SP01,RG30_SP01_62.rcp,22
rangen2_SP01,RG30_SP01_63.rcp,23
rangen2_SP01,RG30_SP01_64.rcp,16
rangen2_SP01,RG30_SP01_65.rcp,16
rangen2_SP01,RG30_SP01_66.rcp,16
rangen2_SP01,RG30_SP01_67.rcp,17
rangen2_SP01,RG30_SP01_68.rcp,18
rangen2_SP01,RG30_SP01_69.rcp,27
rangen2_SP01,RG30_SP01_7.rcp,17
rangen2_SP01,RG30_SP01_70.rcp,16
rangen2_SP01,RG30_SP01_71.rcp,13
rangen2_SP01,RG30_SP01_72.rcp,15
rangen2_SP01,RG30_SP01_73.rcp,14
rangen2_SP01,RG30_SP01_74.rcp,24
rangen2_SP01,RG30_SP01_75.rcp,15
rangen2_SP01,RG30_SP01_76.rcp,12
rangen2_SP01,RG30_SP01_77.rcp,16
rangen2_SP01,RG30_SP01_78.rcp,15
rangen2_SP01,RG30_SP01_79.rcp,14
rangen2_SP01,RG30_SP01_8.rcp,24
rangen2_SP01,RG30_SP01_80.rcp,16
rangen2_SP01,RG30_SP01_81.rcp,14
rangen2_SP01,RG30_SP01_82.rcp,20
rangen2_SP01,RG30_SP01_83.rcp,15
rangen2_SP01,RG30_SP01_84.rcp,22
rangen2_SP01,RG30_SP01_85.rcp,15
rangen2_SP01,RG30_SP01_86.rcp,15
rangen2_SP01,RG30_SP01_87.rcp,26
rangen2_SP01,RG30_SP01_88.rcp,16
rangen2_SP01,RG30_SP01_89.rcp,17
rangen2_SP01,RG30_SP01_9.rcp,14
rangen2_SP01,RG30_SP01_90.rcp,14
rangen2_SP01,RG30_SP01_91.rcp,18
rangen2_SP01,RG30_SP01_92.rcp,23
rangen2_SP01,RG30_SP01_93.rcp,17
rangen2_SP01,RG30_SP01_94.rcp,18
rangen2_SP01,RG30_SP01_95.rcp,15
rangen2_SP01,RG30_SP01_96.rcp,26
rangen2_SP01,RG30_SP01_97.rcp,18
rangen2_SP01,RG30_SP01_98.rcp,12
rangen2_SP01,RG30_SP01_99.rcp,16
rangen2_SP02,RG30_SP02_1.rcp,7
rangen2_SP02,RG30_SP02_10.rcp,8
rangen2_SP02,RG30_SP02_100.rcp,7
rangen2_SP02,RG30_SP02_11.rcp,8
rangen2_SP02,RG30_SP02_12.rcp,8
rangen2_SP02,RG30_SP02_13.rcp,8
rangen2_SP02,RG30_SP02_14.rcp,7
rangen2_SP02,RG30_SP02_15.rcp,7
rangen2_SP02,RG30_SP02_16.rcp,10
rangen2_SP02,RG30_SP02_17.rcp,9
rangen2_SP02,RG30_SP02_18.rcp,7
rangen2_SP02,RG30_SP02_19.rcp,10
rangen2_SP02,RG30_SP02_2.rcp,9
rangen2_SP02,RG30_SP02_20.rcp,7
rangen2_SP02,RG30_SP02_21.rcp,7
rangen2_SP02,RG30_SP02_22.rcp,10
rangen2_SP02,RG30_SP02_23.rcp,10
rangen2_SP02,RG30_SP02_24.rcp,12
rangen2_SP02,RG30_SP02_25.rcp,8
rangen2_SP02,RG30_SP02_26.rcp,7
rangen2_SP02,RG30_SP02_27.rcp,10
rangen2_SP02,RG30_SP02_28.rcp,7
rangen2_SP02,RG30_SP02_29.rcp,10
rangen2_SP02,RG30_SP02_3.rcp,8
rangen2_SP02,RG30_SP02_30.rcp,10
rangen2_SP02,RG30_SP02_31.rcp,9
rangen2_SP02,RG30_SP02_32.rcp,10
rangen2_SP02,RG30_SP02_33.rcp,10
rangen2_SP02,RG30_SP02_34.rcp,7
rangen2_SP02,RG30_SP02_35.rcp,8
rangen2_SP02,RG30_SP02_36.rcp,14
rangen2_SP02,RG30_SP02_37.rcp,7
rangen2_SP02,RG30_SP02_38.rcp,10
rangen2_SP02,RG30_SP02_39.rcp,11
rangen2_SP02,RG30_SP02_4.rcp,9
rangen2_SP02,RG30_SP02_40.rcp,8
rangen2_SP02,RG30_SP02_41.rcp,13
rangen2_SP02,RG30_SP02_42.rcp,16
rangen2_SP02,RG30_SP02_43.rcp,7
rangen2_SP02,RG30_SP02_44.rcp,12
rangen2_SP02,RG30_SP02_45.rcp,7
rangen2_SP02,RG30_SP02_46.rcp,9
rangen2_SP02,RG30_SP02_47.rcp,8
rangen2_SP02,RG30_SP02_48.rcp,7
rangen2_SP02,RG30_SP02_49.rcp,8
rangen2_SP02,RG30_SP02_5.rcp,8
rangen2_SP02,RG30_SP02_50.rcp,13
rangen2_SP02,RG30_SP02_51.rcp,7
rangen2_SP02,RG30_SP02_52.rcp,7
rangen2_SP02,RG30_SP02_53.rcp,8
rangen2_SP02,RG30_SP02_54.rcp,9
rangen2_SP02,RG30_SP02_55.rcp,7
rangen2_SP02,RG30_SP02_56.rcp,7
rangen2_SP02,RG30_SP02_57.rcp,7
rangen2_SP02,RG30_SP02_58.rcp,7
rangen2_SP02,RG30_SP02_59.rcp,8
rangen2_SP02,RG30_SP02_6.rcp,9
rangen2_SP02,RG30_SP02_60.rcp,9
rangen2_SP02,RG30_SP02_61.rcp,9
rangen2_SP02,RG30_SP02_62.rcp,10
rangen2_SP02,RG30_SP02_63.rcp,7
rangen2_SP02,RG30_SP02_64.rcp,8
rangen2_SP02,RG30_SP02_65.rcp,8
rangen2_SP02,RG30_SP02_66.rcp,7
rangen2_SP02,RG30_SP02_67.rcp,8
rangen2_SP02,RG30_SP02_68.rcp,9
rangen2_SP02,RG30_SP02_69.rcp,7
rangen2_SP02,RG30_SP02_7.rcp,10
rangen2_SP02,RG30_SP02_70.rcp,7
rangen2_SP02,RG30_SP02_71.rcp,7
rangen2_SP02,RG30_SP02_72.rcp,10
rangen2_SP02,RG30_SP02_73.rcp,12
rangen2_SP02,RG30_SP02_74.rcp,7
rangen2_SP02,RG30_SP02_75.rcp,7
rangen2_SP02,RG30_SP02_76.rcp,8
rangen2_SP02,RG30_SP02_77.rcp,8
rangen2_SP02,RG30_SP02_78.rcp,9
rangen2_SP02,RG30_SP02_79.rcp,9
rangen2_SP02,RG30_SP02_8.rcp,7
rangen2_SP02,RG30_SP02_80.rcp,11
rangen2_SP02,RG30_SP02_81.rcp,9
rangen2_SP02,RG30_SP02_82.rcp,7
rangen2_SP02,RG30_SP02_83.rcp,8
rangen2_SP02,RG30_SP02_84.rcp,9
rangen2_SP02,RG30_SP02_85.rcp,9
rangen2_SP02,RG30_SP02_86.rcp,7
rangen2_SP02,RG30_SP02_87.rcp,8
rangen2_SP02,RG30_SP02_88.rcp,10
rangen2_SP02,RG30_SP02_89.rcp,12
rangen2_SP02,RG30_SP02_9.rcp,7
rangen2_SP02,RG30_SP02_90.rcp,9
rangen2_SP02,RG30_SP02_91.rcp,7
rangen2_SP02,RG30_SP02_92.rcp,12
rangen2_SP02,RG30_SP02_93.rcp,11
rangen2_SP02,RG30_SP02_94.rcp,11
rangen2_SP02,RG30_SP02_95.rcp,10
rangen2_SP02,RG30_SP02_96.rcp,11
rangen2_SP02,RG30_SP02_97.rcp,7
rangen2_SP02,RG30_SP02_98.rcp,10
rangen2_SP02,RG30_SP02_99.rcp,6
rangen2_SP03,RG30_SP03_1.rcp,6
rangen2_SP03,RG30_SP03_10.rcp,7
rangen2_SP03,RG30_SP03_100.rcp,7
rangen2_SP03,RG30_SP03_11.rcp,5
rangen2_SP03,RG30_SP03_12.rcp,6
rangen2_SP03,RG30_SP03_13.rcp,8
rangen2_SP03,RG30_SP03_14.rcp,5
rangen2_SP03,RG30_SP03_15.rcp,5
rangen2_SP03,RG30_SP03_16.rcp,5
rangen2_SP03,RG30_SP03_17.rcp,5
rangen2_SP03,RG30_SP03_18.rcp,8
rangen2_SP03,RG30_SP03_19.rcp,6
rangen2_SP03,RG30_SP03_2.rcp,6
rangen2_SP03,RG30_SP03_20.rcp,9
rangen2_SP03,RG30_SP03_21.rcp,6
rangen2_SP03,RG30_SP03_22.rcp,5
rangen2_SP03,RG30_SP03_23.rcp,7
rangen2_SP03,RG30_SP03_24.rcp,7
rangen2_SP03,RG30_SP03_25.rcp,6
rangen2_SP03,RG30_SP03_26.rcp,5
rangen2_SP03,RG30_SP03_27.rcp,6
rangen2_SP03,RG30_SP03_28.rcp,6
rangen2_SP03,RG30_SP03_29.rcp,7
rangen2_SP03,RG30_SP03_3.rcp,5
rangen2_SP03,RG30_SP03_30.rcp,5
rangen2_SP03,RG30_SP03_31.rcp,5
rangen2_SP03,RG30_SP03_32.rcp,5
rangen2_SP03,RG30_SP03_33.rcp,6
rangen2_SP03,RG30_SP03_34.rcp,5
rangen2_SP03,RG30_SP03_35.rcp,8
rangen2_SP03,RG30_SP03_36.rcp,5
rangen2_SP03,RG30_SP03_37.rcp,5
rangen2_SP03,RG30_SP03_38.rcp,6
rangen2_SP03,RG30_SP03_39.rcp,9
rangen2_SP03,RG30_SP03_4.rcp,5
rangen2_SP03,RG30_SP03_40.rcp,6
rangen2_SP03,RG30_SP03_41.rcp,6
rangen2_SP03,RG30_SP03_42.rcp,5
rangen2_SP03,RG30_SP03_43.rcp,5
rangen2_SP03,RG30_SP03_44.rcp,5
rangen2_SP03,RG30_SP03_45.rcp,7
rangen2_SP03,RG30_SP03_46.rcp,5
rangen2_SP03,RG30_SP03_47.rcp,7
rangen2_SP03,RG30_SP03_48.rcp,8
rangen2_SP03,RG30_SP03_49.rcp,5
rangen2_SP03,RG30_SP03_5.rcp,5
rangen2_SP03,RG30_SP03_50.rcp,7
rangen2_SP03,RG30_SP03_51.rcp,6
rangen2_SP03,RG30_SP03_52.rcp,5
rangen2_SP03,RG30_SP03_53.rcp,6
rangen2_SP03,RG30_SP03_54.rcp,7
rangen2_SP03,RG30_SP03_55.rcp,7
rangen2_SP03,RG30_SP03_56.rcp,5
rangen2_SP03,RG30_SP03_57.rcp,7
rangen2_SP03,RG30_SP03_58.rcp,6
rangen2_SP03,RG30_SP03_59.rcp,6
rangen2_SP03,RG30_SP03_6.rcp,7
rangen2_SP03,RG30_SP03_60.rcp,7
rangen2_SP03,RG30_SP03_61.rcp,6
rangen2_SP03,RG30_SP03_62.rcp,6
rangen2_SP03,RG30_SP03_63.rcp,5
rangen2_SP03,RG30_SP03_64.rcp,5
rangen2_SP03,RG30_SP03_65.rcp,5
rangen2_SP03,RG30_SP03_66.rcp,7
rangen2_SP03,RG30_SP03_67.rcp,7
rangen2_SP03,RG30_SP03_68.rcp,6
rangen2_SP03,RG30_SP03_69.rcp,6
rangen2_SP03,RG30_SP03_7.rcp,5
rangen2_SP03,RG30_SP03_70.rcp,7
rangen2_SP03,RG30_SP03_71.rcp,9
rangen2_SP03,RG30_SP03_72.rcp,5
rangen2_SP03,RG30_SP03_73.rcp,7
rangen2_SP03,RG30_SP03_74.rcp,5
rangen2_SP03,RG30_SP03_75.rcp,5
rangen2_SP03,RG30_SP03_76.rcp,6
rangen2_SP03,RG30_SP03_77.rcp,9
rangen2_SP03,RG30_SP03_78.rcp,7
rangen2_SP03,RG30_SP03_79.rcp,5
rangen2_SP03,RG30_SP03_8.rcp,8
rangen2_SP03,RG30_SP03_80.rcp,5
rangen2_SP03,RG30_SP03_81.rcp,5
rangen2_SP03,RG30_SP03_82.rcp,6
rangen2_SP03,RG30_SP03_83.rcp,7
rangen2_SP03,RG30_SP03_84.rcp,7
rangen2_SP03,RG30_SP03_85.rcp,5
rangen2_SP03,RG30_SP03_86.rcp,7
rangen2_SP03,RG30_SP03_87.rcp,5
rangen2_SP03,RG30_SP03_88.rcp,5
rangen2_SP03,RG30_SP03_89.rcp,5
rangen2_SP03,RG30_SP03_9.rcp,6
rangen2_SP03,RG30_SP03_90.rcp,8
rangen2_SP03,RG30_SP03_91.rcp,6
rangen2_SP03,RG30_SP03_92.rcp,5
rangen2_SP03,RG30_SP03_93.rcp,6
rangen2_SP03,RG30_SP03_94.rcp,8
rangen2_SP03,RG30_SP03_95.rcp,7
rangen2_SP03,RG30_SP03_96.rcp,5
rangen2_SP03,RG30_SP03_97.rcp,6
rangen2_SP03,RG30_SP03_98.rcp,8
rangen2_SP03,RG30_SP03_99.rcp,6
rangen2_SP04,RG30_SP04_1.rcp,6
rangen2_SP04,RG30_SP04_10.rcp,5
rangen2_SP04,RG30_SP04_100.rcp,5
rangen2_SP04,RG30_SP04_11.rcp,5
rangen2_SP04,RG30_SP04_12.rcp,6
rangen2_SP04,RG30_SP04_13.rcp,6
rangen2_SP04,RG30_SP04_14.rcp,6
rangen2_SP04,RG30_SP04_15.rcp,5
rangen2_SP04,RG30_SP04_16.rcp,6
rangen2_SP04,RG30_SP04_17.rcp,6
rangen2_SP04,RG30_SP04_18.rcp,4
rangen2_SP04,RG30_SP04_19.rcp,4
rangen2_SP04,RG30_SP04_2.rcp,5
rangen2_SP04,RG30_SP04_20.rcp,6
rangen2_SP04,RG30_SP04_21.rcp,6
rangen2_SP04,RG30_SP04_22.rcp,6
rangen2_SP04,RG30_SP04_23.rcp,7
rangen2_SP04,RG30_SP04_24.rcp,4
rangen2_SP04,RG30_SP04_25.rcp,5
rangen2_SP04,RG30_SP04_26.rcp,7
rangen2_SP04,RG30_SP04_27.rcp,7
rangen2_SP04,RG30_SP04_28.rcp,8
rangen2_SP04,RG30_SP04_29.rcp,6
rangen2_SP04,RG30_SP04_3.rcp,6
rangen2_SP04,RG30_SP04_30.rcp,6
rangen2_SP04,RG30_SP04_31.rcp,7
rangen2_SP04,RG30_SP04_32.rcp,6
rangen2_SP04,RG30_SP04_33.rcp,7
rangen2_SP04,RG30_SP04_34.rcp,8
rangen2_SP04,RG30_SP04_35.rcp,7
rangen2_SP04,RG30_SP04_36.rcp,5
rangen2_SP04,RG30_SP04_37.rcp,6
rangen2_SP04,RG30_SP04_38.rcp,6
rangen2_SP04,RG30_SP04_39.rcp,5
rangen2_SP04,RG30_SP04_4.rcp,6
rangen2_SP04,RG30_SP04_40.rcp,6
rangen2_SP04,RG30_SP04_41.rcp,4
rangen2_SP04,RG30_SP04_42.rcp,6
rangen2_SP04,RG30_SP04_43.rcp,5
rangen2_SP04,RG30_SP04_44.rcp,6
rangen2_SP04,RG30_SP04_45.rcp,6
rangen2_SP04,RG30_SP04_46.rcp,5
rangen2_SP04,RG30_SP04_47.rcp,6
rangen2_SP04,RG30_SP04_48.rcp,4
rangen2_SP04,RG30_SP04_49.rcp,6
rangen2_SP04,RG30_SP04_5.rcp,5
rangen2_SP04,RG30_SP04_50.rcp,5
rangen2_SP04,RG30_SP04_51.rcp,5
rangen2_SP04,RG30_SP04_52.rcp,6
rangen2_SP04,RG30_SP04_53.rcp,6
rangen2_SP04,RG30_SP04_54.rcp,7
rangen2_SP04,RG30_SP04_55.rcp,7
rangen2_SP04,RG30_SP04_56.rcp,6
rangen2_SP04,RG30_SP04_57.rcp,5
rangen2_SP04,RG30_SP04_58.rcp,6
rangen2_SP04,RG30_SP04_59.rcp,5
rangen2_SP04,RG30_SP04_6.rcp,6
rangen2_SP04,RG30_SP04_60.rcp,4
rangen2_SP04,RG30_SP04_61.rcp,6
rangen2_SP04,RG30_SP04_62.rcp,5
rangen2_SP04,RG30_SP04_63.rcp,5
rangen2_SP04,RG30_SP04_64.rcp,7
rangen2_SP04,RG30_SP04_65.rcp,7
rangen2_SP04,RG30_SP04_66.rcp,6
rangen2_SP04,RG30_SP04_67.rcp,6
rangen2_SP04,RG30_SP04_68.rcp,4
rangen2_SP04,RG30_SP04_69.rcp,7
rangen2_SP04,RG30_SP04_7.rcp,7
rangen2_SP04,RG30_SP04_70.rcp,5
rangen2_SP04,RG30_SP04_71.rcp,5
rangen2_SP04,RG30_SP04_72.rcp,5
rangen2_SP04,RG30_SP04_73.rcp,5
rangen2_SP04,RG30_SP04_74.rcp,5
rangen2_SP04,RG30_SP04_75.rcp,6
rangen2_SP04,RG30_SP04_76.rcp,6
rangen2_SP04,RG30_SP04_77.rcp,5
rangen2_SP04,RG30_SP04_78.rcp,5
rangen2_SP04,RG30_SP04_79.rcp,5
rangen2_SP04,RG30_SP04_8.rcp,5
rangen2_SP04,RG30_SP04_80.rcp,6
rangen2_SP04,RG30_SP04_81.rcp,6
rangen2_SP04,RG30_SP04_82.rcp,6
rangen2_SP04,RG30_SP04_83.rcp,6
rangen2_SP04,RG30_SP04_84.rcp,8
rangen2_SP04,RG30_SP04_85.rcp,5
rangen2_SP04,RG30_SP04_86.rcp,5
rangen2_SP04,RG30_SP04_87.rcp,6
rangen2_SP04,RG30_SP04_88.rcp,6
rangen2_SP04,RG30_SP04_89.rcp,6
rangen2_SP04,RG30_SP04_9.rcp,9
rangen2_SP04,RG30_SP04_90.rcp,6
rangen2_SP04,RG30_SP04_91.rcp,5
rangen2_SP04,RG30_SP04_92.rcp,7
rangen2_SP04,RG30_SP04_93.rcp,5
rangen2_SP04,RG30_SP04_94.rcp,5
rangen2_SP04,RG30_SP04_95.rcp,6
rangen2_SP04,RG30_SP04_96.rcp,5
rangen2_SP04,RG30_SP04_97.rcp,5
rangen2_SP04,RG30_SP04_98.rcp,5
rangen2_SP04,RG30_SP04_99.rcp,7
rangen2_SP05,RG30_SP05_1.rcp,6
rangen2_SP05,RG30_SP05_10.rcp,7
rangen2_SP05,RG30_SP05_100.rcp,6
rangen2_SP05,RG30_SP05_11.rcp,6
rangen2_SP05,RG30_SP05_12.rcp,5
rangen2_SP05,RG30_SP05_13.rcp,7
rangen2_SP05,RG30_SP05_14.rcp,7
rangen2_SP05,RG30_SP05_15.rcp,7
rangen2_SP05,RG30_SP05_16.rcp,6
rangen2_SP05,RG30_SP05_17.rcp,7
rangen2_SP05,RG30_SP05_18.rcp,6
rangen2_SP05,RG30_SP05_19.rcp,6
rangen2_SP05,RG30_SP05_2.rcp,6
rangen2_SP05,RG30_SP05_20.rcp,6
rangen2_SP05,RG30_SP05_21.rcp,5
rangen2_SP05,RG30_SP05_22.rcp,5
rangen2_SP05,RG30_SP05_23.rcp,7
rangen2_SP05,RG30_SP05_24.rcp,6
rangen2_SP05,RG30_SP05_25.rcp,5
rangen2_SP05,RG30_SP05_26.rcp,5
rangen2_SP05,RG30_SP05_27.rcp,5
rangen2_SP05,RG30_SP05_28.rcp,7
rangen2_SP05,RG30_SP05_29.rcp,6
rangen2_SP05,RG30_SP05_3.rcp,5
rangen2_SP05,RG30_SP05_30.rcp,7
rangen2_SP05,RG30_SP05_31.rcp,7
rangen2_SP05,RG30_SP05_32.rcp,7
rangen2_SP05,RG30_SP05_33.rcp,7
rangen2_SP05,RG30_SP05_34.rcp,6
rangen2_SP05,RG30_SP05_35.rcp,5
rangen2_SP05,RG30_SP05_36.rcp,6
rangen2_SP05,RG30_SP05_37.rcp,5
rangen2_SP05,RG30_SP05_38.rcp,7
rangen2_SP05,RG30_SP05_39.rcp,5
rangen2_SP05,RG30_SP05_4.rcp,6
rangen2_SP05,RG30_SP05_40.rcp,5
rangen2_SP05,RG30_SP05_41.rcp,6
rangen2_SP05,RG30_SP05_42.rcp,5
rangen2_SP05,RG30_SP05_43.rcp,7
rangen2_SP05,RG30_SP05_44.rcp,6
rangen2_SP05,RG30_SP05_45.rcp,5
rangen2_SP05,RG30_SP05_46.rcp,6
rangen2_SP05,RG30_SP05_47.rcp,7
rangen2_SP05,RG30_SP05_48.rcp,6
rangen2_SP05,RG30_SP05_49.rcp,6
rangen2_SP05,RG30_SP05_5.rcp,6
rangen2_SP05,RG30_SP05_50.rcp,5
rangen2_SP05,RG30_SP05_51.rcp,7
rangen2_SP05,RG30_SP05_52.rcp,5
rangen2_SP05,RG30_SP05_53.rcp,7
rangen2_SP05,RG30_SP05_54.rcp,5
rangen2_SP05,RG30_SP05_55.rcp,5
rangen2_SP05,RG30_SP05_56.rcp,5
rangen2_SP05,RG30_SP05_57.rcp,5
rangen2_SP05,RG30_SP05_58.rcp,5
rangen2_SP05,RG30_SP05_59.rcp,6
rangen2_SP05,RG30_SP05_6.rcp,6
rangen2_SP05,RG30_SP05_60.rcp,6
rangen2_SP05,RG30_SP05_61.rcp,6
rangen2_SP05,RG30_SP05_62.rcp,6
rangen2_SP05,RG30_SP05_63.rcp,5
rangen2_SP05,RG30_SP05_64.rcp,6
rangen2_SP05,RG30_SP05_65.rcp,6
rangen2_SP05,RG30_SP05_66.rcp,6
rangen2_SP05,RG30_SP05_67.rcp,6
rangen2_SP05,RG30_SP05_68.rcp,5
rangen2_SP05,RG30_SP05_69.rcp,5
rangen2_SP05,RG30_SP05_7.rcp,6
rangen2_SP05,RG30_SP05_70.rcp,7
rangen2_SP05,RG30_SP05_71.rcp,6
rangen2_SP05,RG30_SP05_72.rcp,6
rangen2_SP05,RG30_SP05_73.rcp,6
rangen2_SP05,RG30_SP05_74.rcp,5
rangen2_SP05,RG30_SP05_75.rcp,6
rangen2_SP05,RG30_SP05_76.rcp,7
rangen2_SP05,RG30_SP05_77.rcp,7
rangen2_SP05,RG30_SP05_78.rcp,6
rangen2_SP05,RG30_SP05_79.rcp,7
rangen2_SP05,RG30_SP05_8.rcp,5
rangen2_SP05,RG30_SP05_80.rcp,5
rangen2_SP05,RG30_SP05_81.rcp,5
rangen2_SP05,RG30_SP05_82.rcp,5
rangen2_SP05,RG30_SP05_83.rcp,6
rangen2_SP05,RG30_SP05_84.rcp,6
rangen2_SP05,RG30_SP05_85.rcp,5
rangen2_SP05,RG30_SP05_86.rcp,5
rangen2_SP05,RG30_SP05_87.rcp,6
rangen2_SP05,RG30_SP05_88.rcp,6
rangen2_SP05,RG30_SP05_89.rcp,5
rangen2_SP05,RG30_SP05_9.rcp,6
rangen2_SP05,RG30_SP05_90.rcp,6
rangen2_SP05,RG30_SP05_91.rcp,6
rangen2_SP05,RG30_SP05_92.rcp,7
rangen2_SP05,RG30_SP05_93.rcp,6
rangen2_SP05,RG30_SP05_94.rcp,5
rangen2_SP05,RG30_SP05_95.rcp,7
rangen2_SP05,RG30_SP05_96.rcp,5
rangen2_SP05,RG30_SP05_97.rcp,7
rangen2_SP05,RG30_SP05_98.rcp,5
rangen2_SP05,RG30_SP05_99.rcp,6
rangen2_SP06,RG30_SP06_1.rcp,2
rangen2_SP06,RG30_SP06_10.rcp,2
rangen2_SP06,RG30_SP06_100.rcp,2
rangen2_SP06,RG30_SP06_11.rcp,3
rangen2_SP06,RG30_SP06_12.rcp,2
rangen2_SP06,RG30_SP06_13.rcp,3
rangen2_SP06,RG30_SP06_14.rcp,3
rangen2_SP06,RG30_SP06_15.rcp,3
rangen2_SP06,RG30_SP06_16.rcp,4
rangen2_SP06,RG30_SP06_17.rcp,3
rangen2_SP06,RG30_SP06_18.rcp,3
rangen2_SP06,RG30_SP06_19.rcp,3
rangen2_SP06,RG30_SP06_2.rcp,3
rangen2_SP06,RG30_SP06_20.rcp,3
rangen2_SP06,RG30_SP06_21.rcp,2
rangen2_SP06,RG30_SP06_22.rcp,2
rangen2_SP06,RG30_SP06_23.rcp,2
rangen2_SP06,RG30_SP06_24.rcp,2
rangen2_SP06,RG30_SP06_25.rcp,3
rangen2_SP06,RG30_SP06_26.rcp,2
rangen2_SP06,RG30_SP06_27.rcp,2
rangen2_SP06,RG30_SP06_28.rcp,3
rangen2_SP06,RG30_SP06_29.rcp,3
rangen2_SP06,RG30_SP06_3.rcp,2
rangen2_SP06,RG30_SP06_30.rcp,3
rangen2_SP06,RG30_SP06_31.rcp,2
rangen2_SP06,RG30_SP06_32.rcp,2
rangen2_SP06,RG30_SP06_33.rcp,2
rangen2_SP06,RG30_SP06_34.rcp,3
rangen2_SP06,RG30_SP06_35.rcp,3
rangen2_SP06,RG30_SP06_36.rcp,4
rangen2_SP06,RG30_SP06_37.rcp,3
rangen2_SP06,RG30_SP06_38.rcp,3
rangen2_SP06,RG30_SP06_39.rcp,2
rangen2_SP06,RG30_SP06_4.rcp,2
rangen2_SP06,RG30_SP06_40.rcp,3
rangen2_SP06,RG30_SP06_41.rcp,2
rangen2_SP06,RG30_SP06_42.rcp,3
rangen2_SP06,RG30_SP06_43.rcp,3
rangen2_SP06,RG30_SP06_44.rcp,3
rangen2_SP06,RG30_SP06_45.rcp,2
rangen2_SP06,RG30_SP06_46.rcp,2
rangen2_SP06,RG30_SP06_47.rcp,3
rangen2_SP06,RG30_SP06_48.rcp,2
rangen2_SP06,RG30_SP06_49.rcp,3
rangen2_SP06,RG30_SP06_5.rcp,3
rangen2_SP06,RG30_SP06_50.rcp,3
rangen2_SP06,RG30_SP06_51.rcp,3
rangen2_SP06,RG30_SP06_52.rcp,2
rangen2_SP06,RG30_SP06_53.rcp,3
rangen2_SP06,RG30_SP06_54.rcp,3
rangen2_SP06,RG30_SP06_55.rcp,3
rangen2_SP06,RG30_SP06_56.rcp,3
rangen2_SP06,RG30_SP06_57.rcp,3
rangen2_SP06,RG30_SP06_58.rcp,3
rangen2_SP06,RG30_SP06_59.rcp,2
rangen2_SP06,RG30_SP06_6.rcp,2
rangen2_SP06,RG30_SP06_60.rcp,3
rangen2_SP06,RG30_SP06_61.rcp,3
rangen2_SP06,RG30_SP06_62.rcp,3
rangen2_SP06,RG30_SP06_63.rcp,2
rangen2_SP06,RG30_SP06_64.rcp,3
rangen2_SP06,RG30_SP06_65.rcp,3
rangen2_SP06,RG30_SP06_66.rcp,3
rangen2_SP06,RG30_SP06_67.rcp,1
rangen2_SP06,RG30_SP06_68.rcp,3
rangen2_SP06,RG30_SP06_69.rcp,2
rangen2_SP06,RG30_SP06_7.rcp,4
rangen2_SP06,RG30_SP06_70.rcp,2
rangen2_SP06,RG30_SP06_71.rcp,3
rangen2_SP06,RG30_SP06_72.rcp,3
rangen2_SP06,RG30_SP06_73.rcp,3
rangen2_SP06,RG30_SP06_74.rcp,2
rangen2_SP06,RG30_SP06_75.rcp,2
rangen2_SP06,RG30_SP06_76.rcp,2
rangen2_SP06,RG30_SP06_77.rcp,2
rangen2_SP06,RG30_SP06_78.rcp,3
rangen2_SP06,RG30_SP06_79.rcp,3
rangen2_SP06,RG30_SP06_8.rcp,2
rangen2_SP06,RG30_SP06_80.rcp,2
rangen2_SP06,RG30_SP06_81.rcp,3
rangen2_SP06,RG30_SP06_82.rcp,2
rangen2_SP06,RG30_SP06_83.rcp,2
rangen2_SP06,RG30_SP06_84.rcp,3
rangen2_SP06,RG30_SP06_85.rcp,2
rangen2_SP06,RG30_SP06_86.rcp,3
rangen2_SP06,RG30_SP06_87.rcp,3
rangen2_SP06,RG30_SP06_88.rcp,2
rangen2_SP06,RG30_SP06_89.rcp,3
rangen2_SP06,RG30_SP06_9.rcp,2
rangen2_SP06,RG30_SP06_90.rcp,3
rangen2_SP06,RG30_SP06_91.rcp,3
rangen2_SP06,RG30_SP06_92.rcp,2
rangen2_SP06,RG30_SP06_93.rcp,2
rangen2_SP06,RG30_SP06_94.rcp,3
rangen2_SP06,RG30_SP06_95.rcp,3
rangen2_SP06,RG30_SP06_96.rcp,2
rangen2_SP06,RG30_SP06_97.rcp,2
rangen2_SP06,RG30_SP06_98.rcp,4
rangen2_SP06,RG30_SP06_99.rcp,2
rangen2_SP07,RG30_SP07_1.rcp,2
rangen2_SP07,RG30_SP07_10.rcp,1
rangen2_SP07,RG30_SP07_100.rcp,2
rangen2_SP07,RG30_SP07_11.rcp,3
rangen2_SP07,RG30_SP07_12.rcp,1
rangen2_SP07,RG30_SP07_13.rcp,2
rangen2_SP07,RG30_SP07_14.rcp,2
rangen2_SP07,RG30_SP07_15.rcp,2
rangen2_SP07,RG30_SP07_16.rcp,3
rangen2_SP07,RG30_SP07_17.rcp,2
rangen2_SP07,RG30_SP07_18.rcp,2
rangen2_SP07,RG30_SP07_19.rcp,2
rangen2_SP07,RG30_SP07_2.rcp,3
rangen2_SP07,RG30_SP07_20.rcp,2
rangen2_SP07,RG30_SP07_21.rcp,2
rangen2_SP07,RG30_SP07_22.rcp,2
rangen2_SP07,RG30_SP07_23.rcp,2
rangen2_SP07,RG30_SP07_24.rcp,2
rangen2_SP07,RG30_SP07_25.rcp,2
rangen2_SP07,RG30_SP07_26.rcp,3
rangen2_SP07,RG30_SP07_27.rcp,3
rangen2_SP07,RG30_SP07_28.rcp,3
rangen2_SP07,RG30_SP07_29.rcp,2
rangen2_SP07,RG30_SP07_3.rcp,2
rangen2_SP07,RG30_SP07_30.rcp,2
rangen2_SP07,RG30_SP07_31.rcp,3
rangen2_SP07,RG30_SP07_32.rcp,2
rangen2_SP07,RG30_SP07_33.rcp,3
rangen2_SP07,RG30_SP07_34.rcp,2
rangen2_SP07,RG30_SP07_35.rcp,2
rangen2_SP07,RG30_SP07_36.rcp,3
rangen2_SP07,RG30_SP07_37.rcp,2
rangen2_SP07,RG30_SP07_38.rcp,2
rangen2_SP07,RG30_SP07_39.rcp,3
rangen2_SP07,RG30_SP07_4.rcp,1
rangen2_SP07,RG30_SP07_40.rcp,1
rangen2_SP07,RG30_SP07_41.rcp,2
rangen2_SP07,RG30_SP07_42.rcp,1
rangen2_SP07,RG30_SP07_43.rcp,2
rangen2_SP07,RG30_SP07_44.rcp,4
rangen2_SP07,RG30_SP07_45.rcp,3
rangen2_SP07,RG30_SP07_46.rcp,1
rangen2_SP07,RG30_SP07_47.rcp,3
rangen2_SP07,RG30_SP07_48.rcp,3
rangen2_SP07,RG30_SP07_49.rcp,2
rangen2_SP07,RG30_SP07_5.rcp,1
rangen2_SP07,RG30_SP07_50.rcp,2
rangen2_SP07,RG30_SP07_51.rcp,2
rangen2_SP07,RG30_SP07_52.rcp,3
rangen2_SP07,RG30_SP07_53.rcp,2
rangen2_SP07,RG30_SP07_54.rcp,2
rangen2_SP07,RG30_SP07_55.rcp,2
rangen2_SP07,RG30_SP07_56.rcp,2
rangen2_SP07,RG30_SP07_57.rcp,2
rangen2_SP07,RG30_SP07_58.rcp,2
rangen2_SP07,RG30_SP07_59.rcp,3
rangen2_SP07,RG30_SP07_6.rcp,3
rangen2_SP07,RG30_SP07_60.rcp,2
rangen2_SP07,RG30_SP07_61.rcp,3
rangen2_SP07,RG30_SP07_62.rcp,2
rangen2_SP07,RG30_SP07_63.rcp,2
rangen2_SP07,RG30_SP07_64.rcp,3
rangen2_SP07,RG30_SP07_65.rcp,3
rangen2_SP07,RG30_SP07_66.rcp,3
rangen2_SP07,RG30_SP07_67.rcp,3
rangen2_SP07,RG30_SP07_68.rcp,3
rangen2_SP07,RG30_SP07_69.rcp,2
rangen2_SP07,RG30_SP07_7.rcp,3
rangen2_SP07,RG30_SP07_70.rcp,2
rangen2_SP07,RG30_SP07_71.rcp,2
rangen2_SP07,RG30_SP07_72.rcp,2
rangen2_SP07,RG30_SP07_73.rcp,3
rangen2_SP07,RG30_SP07_74.rcp,2
rangen2_SP07,RG30_SP07_75.rcp,2
rangen2_SP07,RG30_SP07_76.rcp,3
rangen2_SP07,RG30_SP07_77.rcp,2
rangen2_SP07,RG30_SP07_78.rcp,3
rangen2_SP07,RG30_SP07_79.rcp,3
rangen2_SP07,RG30_SP07_8.rcp,2
rangen2_SP07,RG30_SP07_80.rcp,2
rangen2_SP07,RG30_SP07_81.rcp,2
rangen2_SP07,RG30_SP07_82.rcp,2
rangen2_SP07,RG30_SP07_83.rcp,2
rangen2_SP07,RG30_SP07_84.rcp,3
rangen2_SP07,RG30_SP07_85.rcp,2
rangen2_SP07,RG30_SP07_86.rcp,2
rangen2_SP07,RG30_SP07_87.rcp,4
rangen2_SP07,RG30_SP07_88.rcp,1
rangen2_SP07,RG30_SP07_89.rcp,2
rangen2_SP07,RG30_SP07_9.rcp,3
rangen2_SP07,RG30_SP07_90.rcp,3
rangen2_SP07,RG30_SP07_91.rcp,2
rangen2_SP07,RG30_SP07_92.rcp,2
rangen2_SP07,RG30_SP07_93.rcp,1
rangen2_SP07,RG30_SP07_94.rcp,2
rangen2_SP07,RG30_SP07_95.rcp,2
rangen2_SP07,RG30_SP07_96.rcp,1
rangen2_SP07,RG30_SP07_97.rcp,2
rangen2_SP07,RG30_SP07_98.rcp,2
rangen2_SP07,RG30_SP07_99.rcp,2
rangen2_SP08,RG30_SP08_1.rcp,3
rangen2_SP08,RG30_SP08_10.rcp,2
rangen2_SP08,RG30_SP08_100.rcp,1
rangen2_SP08,RG30_SP08_11.rcp,2
rangen2_SP08,RG30_SP08_12.rcp,1
rangen2_SP08,RG30_SP08_13.rcp,2
rangen2_SP08,RG30_SP08_14.rcp,2
rangen2_SP08,RG30_SP08_15.rcp,2
rangen2_SP08,RG30_SP08_16.rcp,2
rangen2_SP08,RG30_SP08_17.rcp,3
rangen2_SP08,RG30_SP08_18.rcp,2
rangen2_SP08,RG30_SP08_19.rcp,2
rangen2_SP08,RG30_SP08_2.rcp,3
rangen2_SP08,RG30_SP08_20.rcp,2
rangen2_SP08,RG30_SP08_21.rcp,2
rangen2_SP08,RG30_SP08_22.rcp,2
rangen2_SP08,RG30_SP08_23.rcp,2
rangen2_SP08,RG30_SP08_24.rcp,3
rangen2_SP08,RG30_SP08_25.rcp,3
rangen2_SP08,RG30_SP08_26.rcp,3
rangen2_SP08,RG30_SP08_27.rcp,2
rangen2_SP08,RG30_SP08_28.rcp,2
rangen2_SP08,RG30_SP08_29.rcp,2
rangen2_SP08,RG30_SP08_3.rcp,2
rangen2_SP08,RG30_SP08_30.rcp,2
rangen2_SP08,RG30_SP08_31.rcp,2
rangen2_SP08,RG30_SP08_32.rcp,3
rangen2_SP08,RG30_SP08_33.rcp,2
rangen2_SP08,RG30_SP08_34.rcp,1
rangen2_SP08,RG30_SP08_35.rcp,2
rangen2_SP08,RG30_SP08_36.rcp,2
rangen2_SP08,RG30_SP08_37.rcp,2
rangen2_SP08,RG30_SP08_38.rcp,2
rangen2_SP08,RG30_SP08_39.rcp,2
rangen2_SP08,RG30_SP08_4.rcp,2
rangen2_SP08,RG30_SP08_40.rcp,2
rangen2_SP08,RG30_SP08_41.rcp,3
rangen2_SP08,RG30_SP08_42.rcp,1
rangen2_SP08,RG30_SP08_43.rcp,2
rangen2_SP08,RG30_SP08_44.rcp,2
rangen2_SP08,RG30_SP08_45.rcp,3
rangen2_SP08,RG30_SP08_46.rcp,3
rangen2_SP08,RG30_SP08_47.rcp,2
rangen2_SP08,RG30_SP08_48.rcp,2
rangen2_SP08,RG30_SP08_49.rcp,2
rangen2_SP08,RG30_SP08_5.rcp,2
rangen2_SP08,RG30_SP08_50.rcp,2
rangen2_SP08,RG30_SP08_51.rcp,3
rangen2_SP08,RG30_SP08_52.rcp,2
rangen2_SP08,RG30_SP08_53.rcp,3
rangen2_SP08,RG30_SP08_54.rcp,2
rangen2_SP08,RG30_SP08_55.rcp,2
rangen2_SP08,RG30_SP08_56.rcp,3
rangen2_SP08,RG30_SP08_57.rcp,2
rangen2_SP08,RG30_SP08_58.rcp,2
rangen2_SP08,RG30_SP08_59.rcp,3
rangen2_SP08,RG30_SP08_6.rcp,3
rangen2_SP08,RG30_SP08_60.rcp,2
rangen2_SP08,RG30_SP08_61.rcp,2
rangen2_SP08,RG30_SP08_62.rcp,2
rangen2_SP08,RG30_SP08_63.rcp,1
rangen2_SP08,RG30_SP08_64.rcp,3
rangen2_SP08,RG30_SP08_65.rcp,2
rangen2_SP08,RG30_SP08_66.rcp,2
rangen2_SP08,RG30_SP08_67.rcp,2
rangen2_SP08,RG30_SP08_68.rcp,3
rangen2_SP08,RG30_SP08_69.rcp,2
rangen2_SP08,RG30_SP08_7.rcp,2
rangen2_SP08,RG30_SP08_70.rcp,2
rangen2_SP08,RG30_SP08_71.rcp,3
rangen2_SP08,RG30_SP08_72.rcp,2
rangen2_SP08,RG30_SP08_73.rcp,2
rangen2_SP08,RG30_SP08_74.rcp,3
rangen2_SP08,RG30_SP08_75.rcp,2
rangen2_SP08,RG30_SP08_76.rcp,1
rangen2_SP08,RG30_SP08_77.rcp,1
rangen2_SP08,RG30_SP08_78.rcp,3
rangen2_SP08,RG30_SP08_79.rcp,2
rangen2_SP08,RG30_SP08_8.rcp,2
rangen2_SP08,RG30_SP08_80.rcp,2
rangen2_SP08,RG30_SP08_81.rcp,1
rangen2_SP08,RG30_SP08_82.rcp,2
rangen2_SP08,RG30_SP08_83.rcp,1
rangen2_SP08,RG30_SP08_84.rcp,2
rangen2_SP08,RG30_SP08_85.rcp,2
rangen2_SP08,RG30_SP08_86.rcp,2
rangen2_SP08,RG30_SP08_87.rcp,3
rangen2_SP08,RG30_SP08_88.rcp,1
rangen2_SP08,RG30_SP08_89.rcp,1
rangen2_SP08,RG30_SP08_9.rcp,2
rangen2_SP08,RG30_SP08_90.rcp,2
rangen2_SP08,RG30_SP08_91.rcp,3
rangen2_SP08,RG30_SP08_92.rcp,2
rangen2_SP08,RG30_SP08_93.rcp,2
rangen2_SP08,RG30_SP08_94.rcp,3
rangen2_SP08,RG30_SP08_95.rcp,2
rangen2_SP08,RG30_SP08_96.rcp,1
rangen2_SP08,RG30_SP08_97.rcp,2
rangen2_SP08,RG30_SP08_98.rcp,3
rangen2_SP08,RG30_SP08_99.rcp,3
rangen2_SP09,RG30_SP09_1.rcp,2
rangen2_SP09,RG30_SP09_10.rcp,3
rangen2_SP09,RG30_SP09_100.rcp,1
rangen2_SP09,RG30_SP09_11.rcp,1
rangen2_SP09,RG30_SP09_12.rcp,2
rangen2_SP09,RG30_SP09_13.rcp,1
rangen2_SP09,RG30_SP09_14.rcp,1
rangen2_SP09,RG30_SP09_15.rcp,2
rangen2_SP09,RG30_SP09_16.rcp,2
rangen2_SP09,RG30_SP09_17.rcp,2
rangen2_SP09,RG30_SP09_18.rcp,2
rangen2_SP09,RG30_SP09_19.rcp,1
rangen2_SP09,RG30_SP09_2.rcp,3
rangen2_SP09,RG30_SP09_20.rcp,1
rangen2_SP09,RG30_SP09_21.rcp,2
rangen2_SP09,RG30_SP09_22.rcp,2
rangen2_SP09,RG30_SP09_23.rcp,2
rangen2_SP09,RG30_SP09_24.rcp,3
rangen2_SP09,RG30_SP09_25.rcp,2
rangen2_SP09,RG30_SP09_26.rcp,2
rangen2_SP09,RG30_SP09_27.rcp,1
rangen2_SP09,RG30_SP09_28.rcp,2
rangen2_SP09,RG30_SP09_29.rcp,1
rangen2_SP09,RG30_SP09_3.rcp,2
rangen2_SP09,RG30_SP09_30.rcp,2
rangen2_SP09,RG30_SP09_31.rcp,2
rangen2_SP09,RG30_SP09_32.rcp,2
rangen2_SP09,RG30_SP09_33.rcp,1
rangen2_SP09,RG30_SP09_34.rcp,1
rangen2_SP09,RG30_SP09_35.rcp,2
rangen2_SP09,RG30_SP09_36.rcp,2
rangen2_SP09,RG30_SP09_37.rcp,3
rangen2_SP09,RG30_SP09_38.rcp,2
rangen2_SP09,RG30_SP09_39.rcp,1
rangen2_SP09,RG30_SP09_4.rcp,2
rangen2_SP09,RG30_SP09_40.rcp,2
rangen2_SP09,RG30_SP09_41.rcp,2
rangen2_SP09,RG30_SP09_42.rcp,1
rangen2_SP09,RG30_SP09_43.rcp,1
rangen2_SP09,RG30_SP09_44.rcp,2
rangen2_SP09,RG30_SP09_45.rcp,2
rangen2_SP09,RG30_SP09_46.rcp,2
rangen2_SP09,RG30_SP09_47.rcp,2
rangen2_SP09,RG30_SP09_48.rcp,2
rangen2_SP09,RG30_SP09_49.rcp,2
rangen2_SP09,RG30_SP09_5.rcp,2
rangen2_SP09,RG30_SP09_50.rcp,2
rangen2_SP09,RG30_SP09_51.rcp,1
rangen2_SP09,RG30_SP09_52.rcp,3
rangen2_SP09,RG30_SP09_53.rcp,1
rangen2_SP09,RG30_SP09_54.rcp,2
rangen2_SP09,RG30_SP09_55.rcp,4
rangen2_SP09,RG30_SP09_56.rcp,1
rangen2_SP09,RG30_SP09_57.rcp,1
rangen2_SP09,RG30_SP09_58.rcp,2
rangen2_SP09,RG30_SP09_59.rcp,1
rangen2_SP09,RG30_SP09_6.rcp,1
rangen2_SP09,RG30_SP09_60.rcp,2
rangen2_SP09,RG30_SP09_61.rcp,1
rangen2_SP09,RG30_SP09_62.rcp,1
rangen2_SP09,RG30_SP09_63.rcp,1
rangen2_SP09,RG30_SP09_64.rcp,2
rangen2_SP09,RG30_SP09_65.rcp,1
rangen2_SP09,RG30_SP09_66.rcp,1
rangen2_SP09,RG30_SP09_67.rcp,1
rangen2_SP09,RG30_SP09_68.rcp,1
rangen2_SP09,RG30_SP09_69.rcp,1
rangen2_SP09,RG30_SP09_7.rcp,2
rangen2_SP09,RG30_SP09_70.rcp,2
rangen2_SP09,RG30_SP09_71.rcp,2
rangen2_SP09,RG30_SP09_72.rcp,3
rangen2_SP09,RG30_SP09_73.rcp,2
rangen2_SP09,RG30_SP09_74.rcp,1
rangen2_SP09,RG30_SP09_75.rcp,3
rangen2_SP09,RG30_SP09_76.rcp,1
rangen2_SP09,RG30_SP09_77.rcp,1
rangen2_SP09,RG30_SP09_78.rcp,2
rangen2_SP09,RG30_SP09_79.rcp,2
rangen2_SP09,RG30_SP09_8.rcp,1
rangen2_SP09,RG30_SP09_80.rcp,2
rangen2_SP09,RG30_SP09_81.rcp,2
rangen2_SP09,RG30_SP09_82.rcp,2
rangen2_SP09,RG30_SP09_83.rcp,2
rangen2_SP09,RG30_SP09_84.rcp,1
rangen2_SP09,RG30_SP09_85.rcp,2
rangen2_SP09,RG30_SP09_86.rcp,2
rangen2_SP09,RG30_SP09_87.rcp,1
rangen2_SP09,RG30_SP09_88.rcp,2
rangen2_SP09,RG30_SP09_89.rcp,2
rangen2_SP09,RG30_SP09_9.rcp,1
rangen2_SP09,RG30_SP09_90.rcp,2
rangen2_SP09,RG30_SP09_91.rcp,2
rangen2_SP09,RG30_SP09_92.rcp,2
rangen2_SP09,RG30_SP09_93.rcp,1
rangen2_SP09,RG30_SP09_94.rcp,2
rangen2_SP09,RG30_SP09_95.rcp,2
rangen2_SP09,RG30_SP09_96.rcp,2
rangen2_SP09,RG30_SP09_97.rcp,1
rangen2_SP09,RG30_SP09_98.rcp,2
rangen2_SP09,RG30_SP09_99.rcp,2
